PageNo.,DocName,Year,Prof,Student Name,Neighborhood,Borough,Address,Latitude,Longitude,DocLink,DocType,Tags
008,GSAPP_Exhibition-HousingStudios1974-2014_CompleteBooklet_Page_,1974,MAX BOND; Arthur Bye; Ghislaine Hermanuz; Anthony Pangaro; Raquel Ramati; Sue Rodgers; Timothy Wood; Elia Zenghelis,,,,,,,./pages/GSAPP_Exhibition-HousingStudios1974-2014_CompleteBooklet_Page_008.jpg,,TYPE; SUBURBAN; PLANNING; LOW RISE; PARKING
009,GSAPP_Exhibition-HousingStudios1974-2014_CompleteBooklet_Page_,1974,MAX BOND; Arthur Bye; Ghislaine Hermanuz; Anthony Pangaro; Raquel Ramati; Sue Rodgers; Timothy Wood; Elia Zenghelis,,,,,,,./pages/GSAPP_Exhibition-HousingStudios1974-2014_CompleteBooklet_Page_009.jpg,,TYPE; PERIMETER BLOCK; PLANNING; MID RISE; PARKING
010,GSAPP_Exhibition-HousingStudios1974-2014_CompleteBooklet_Page_,1974,MAX BOND; Arthur Bye; Ghislaine Hermanuz; Anthony Pangaro; Raquel Ramati; Sue Rodgers; Timothy Wood; Elia Zenghelis,,,,,,,./pages/GSAPP_Exhibition-HousingStudios1974-2014_CompleteBooklet_Page_010.jpg,,TYPE; PERIMETER BLOCK; PLANNING; HIGH RISE; PARKING
011,GSAPP_Exhibition-HousingStudios1974-2014_CompleteBooklet_Page_,1974,MAX BOND; Arthur Bye; Ghislaine Hermanuz; Anthony Pangaro; Raquel Ramati; Sue Rodgers; Timothy Wood; Elia Zenghelis,,,,,,,./pages/GSAPP_Exhibition-HousingStudios1974-2014_CompleteBooklet_Page_011.jpg,,TYPE; PLANNING; HIGH RISE; PARKING; VARIABILITY; BALCONIES; ROOF ACCESS; PARK
,,1974,MAX BOND; Arthur Bye; Ghislaine Hermanuz; Anthony Pangaro; Raquel Ramati; Sue Rodgers; Timothy Wood; Elia Zenghelis,,,,,,,,,
,,1974,MAX BOND; Arthur Bye; Ghislaine Hermanuz; Anthony Pangaro; Raquel Ramati; Sue Rodgers; Timothy Wood; Elia Zenghelis,,,,,,,,,
,,1974,MAX BOND; Arthur Bye; Ghislaine Hermanuz; Anthony Pangaro; Raquel Ramati; Sue Rodgers; Timothy Wood; Elia Zenghelis,,,,,,,,,
,,1974,MAX BOND; Arthur Bye; Ghislaine Hermanuz; Anthony Pangaro; Raquel Ramati; Sue Rodgers; Timothy Wood; Elia Zenghelis,,,,,,,,,
,,1974,MAX BOND; Arthur Bye; Ghislaine Hermanuz; Anthony Pangaro; Raquel Ramati; Sue Rodgers; Timothy Wood; Elia Zenghelis,,,,,,,,,
,,1974,MAX BOND; Arthur Bye; Ghislaine Hermanuz; Anthony Pangaro; Raquel Ramati; Sue Rodgers; Timothy Wood; Elia Zenghelis,,,,,,,,,
,,1974,MAX BOND; Arthur Bye; Ghislaine Hermanuz; Anthony Pangaro; Raquel Ramati; Sue Rodgers; Timothy Wood; Elia Zenghelis,,,,,,,,,
,,1974,MAX BOND; Arthur Bye; Ghislaine Hermanuz; Anthony Pangaro; Raquel Ramati; Sue Rodgers; Timothy Wood; Elia Zenghelis,,,,,,,,,
,,1974,MAX BOND; Arthur Bye; Ghislaine Hermanuz; Anthony Pangaro; Raquel Ramati; Sue Rodgers; Timothy Wood; Elia Zenghelis,,,,,,,,,
,,1974,MAX BOND; Arthur Bye; Ghislaine Hermanuz; Anthony Pangaro; Raquel Ramati; Sue Rodgers; Timothy Wood; Elia Zenghelis,,,,,,,,,
,,1974,MAX BOND; Arthur Bye; Ghislaine Hermanuz; Anthony Pangaro; Raquel Ramati; Sue Rodgers; Timothy Wood; Elia Zenghelis,,,,,,,,,
,,1974,MAX BOND; Arthur Bye; Ghislaine Hermanuz; Anthony Pangaro; Raquel Ramati; Sue Rodgers; Timothy Wood; Elia Zenghelis,,,,,,,,,
,,1974,MAX BOND; Arthur Bye; Ghislaine Hermanuz; Anthony Pangaro; Raquel Ramati; Sue Rodgers; Timothy Wood; Elia Zenghelis,,,,,,,,,
,,1974,MAX BOND; Arthur Bye; Ghislaine Hermanuz; Anthony Pangaro; Raquel Ramati; Sue Rodgers; Timothy Wood; Elia Zenghelis,,,,,,,,,
,,1974,MAX BOND; Arthur Bye; Ghislaine Hermanuz; Anthony Pangaro; Raquel Ramati; Sue Rodgers; Timothy Wood; Elia Zenghelis,,,,,,,,,
,,1974,MAX BOND; Arthur Bye; Ghislaine Hermanuz; Anthony Pangaro; Raquel Ramati; Sue Rodgers; Timothy Wood; Elia Zenghelis,,,,,,,,,
,,1974,MAX BOND; Arthur Bye; Ghislaine Hermanuz; Anthony Pangaro; Raquel Ramati; Sue Rodgers; Timothy Wood; Elia Zenghelis,,,,,,,,,
,,1974,MAX BOND; Arthur Bye; Ghislaine Hermanuz; Anthony Pangaro; Raquel Ramati; Sue Rodgers; Timothy Wood; Elia Zenghelis,,,,,,,,,
,,1974,MAX BOND; Arthur Bye; Ghislaine Hermanuz; Anthony Pangaro; Raquel Ramati; Sue Rodgers; Timothy Wood; Elia Zenghelis,,,,,,,,,
,,1974,MAX BOND; Arthur Bye; Ghislaine Hermanuz; Anthony Pangaro; Raquel Ramati; Sue Rodgers; Timothy Wood; Elia Zenghelis,,,,,,,,,
,,1974,MAX BOND; Arthur Bye; Ghislaine Hermanuz; Anthony Pangaro; Raquel Ramati; Sue Rodgers; Timothy Wood; Elia Zenghelis,,,,,,,,,
,,1974,MAX BOND; Arthur Bye; Ghislaine Hermanuz; Anthony Pangaro; Raquel Ramati; Sue Rodgers; Timothy Wood; Elia Zenghelis,,,,,,,,,
,,1974,MAX BOND; Arthur Bye; Ghislaine Hermanuz; Anthony Pangaro; Raquel Ramati; Sue Rodgers; Timothy Wood; Elia Zenghelis,,,,,,,,,
,,1974,MAX BOND; Arthur Bye; Ghislaine Hermanuz; Anthony Pangaro; Raquel Ramati; Sue Rodgers; Timothy Wood; Elia Zenghelis,,,,,,,,,
,,1974,MAX BOND; Arthur Bye; Ghislaine Hermanuz; Anthony Pangaro; Raquel Ramati; Sue Rodgers; Timothy Wood; Elia Zenghelis,,,,,,,,,
,,1974,MAX BOND; Arthur Bye; Ghislaine Hermanuz; Anthony Pangaro; Raquel Ramati; Sue Rodgers; Timothy Wood; Elia Zenghelis,,,,,,,,,
,,1974,MAX BOND; Arthur Bye; Ghislaine Hermanuz; Anthony Pangaro; Raquel Ramati; Sue Rodgers; Timothy Wood; Elia Zenghelis,,,,,,,,,
,,1974,MAX BOND; Arthur Bye; Ghislaine Hermanuz; Anthony Pangaro; Raquel Ramati; Sue Rodgers; Timothy Wood; Elia Zenghelis,,,,,,,,,
,,1974,MAX BOND; Arthur Bye; Ghislaine Hermanuz; Anthony Pangaro; Raquel Ramati; Sue Rodgers; Timothy Wood; Elia Zenghelis,,,,,,,,,
,,1974,MAX BOND; Arthur Bye; Ghislaine Hermanuz; Anthony Pangaro; Raquel Ramati; Sue Rodgers; Timothy Wood; Elia Zenghelis,,,,,,,,,
,,1974,MAX BOND; Arthur Bye; Ghislaine Hermanuz; Anthony Pangaro; Raquel Ramati; Sue Rodgers; Timothy Wood; Elia Zenghelis,,,,,,,,,
,,1975,,,,,,,,,,
,,1975,,,,,,,,,,
,,1975,,,,,,,,,,
,,1975,,,,,,,,,,
,,1975,,,,,,,,,,
,,1975,,,,,,,,,,
,,1975,,,,,,,,,,
,,1975,,,,,,,,,,
,,1975,,,,,,,,,,
,,1975,,,,,,,,,,
,,1975,,,,,,,,,,
,,1975,,,,,,,,,,
,,1975,,,,,,,,,,
,,1975,,,,,,,,,,
,,1975,,,,,,,,,,
,,1975,,,,,,,,,,
,,1975,,,,,,,,,,
,,1975,,,,,,,,,,
,,1975,,,,,,,,,,
,,1975,,,,,,,,,,
,,1975,,,,,,,,,,
,,1975,,,,,,,,,,
,,1975,,,,,,,,,,
,,1975,,,,,,,,,,
,,1975,,,,,,,,,,
,,1975,,,,,,,,,,
,,1975,,,,,,,,,,
,,1975,,,,,,,,,,
,,1975,,,,,,,,,,
,,1975,,,,,,,,,,
,,1975,,,,,,,,,,
,,1975,,,,,,,,,,
,,1975,,,,,,,,,,
,,1975,,,,,,,,,,
,,1976,Max Bond; Michael Mostoller; Robert Stern; Ms. Hermanuz,,,,,,,,,
,,1976,Max Bond; Michael Mostoller; Robert Stern; Ms. Hermanuz,,,,,,,,,
,,1976,Max Bond; Michael Mostoller; Robert Stern; Ms. Hermanuz,,,,,,,,,
,,1976,Max Bond; Michael Mostoller; Robert Stern; Ms. Hermanuz,,,,,,,,,
,,1976,Max Bond; Michael Mostoller; Robert Stern; Ms. Hermanuz,,,,,,,,,
,,1976,Max Bond; Michael Mostoller; Robert Stern; Ms. Hermanuz,,,,,,,,,
,,1976,Max Bond; Michael Mostoller; Robert Stern; Ms. Hermanuz,,,,,,,,,
,,1976,Max Bond; Michael Mostoller; Robert Stern; Ms. Hermanuz,,,,,,,,,
,,1976,Max Bond; Michael Mostoller; Robert Stern; Ms. Hermanuz,,,,,,,,,
,,1976,Max Bond; Michael Mostoller; Robert Stern; Ms. Hermanuz,,,,,,,,,
,,1976,Max Bond; Michael Mostoller; Robert Stern; Ms. Hermanuz,,,,,,,,,
,,1976,Max Bond; Michael Mostoller; Robert Stern; Ms. Hermanuz,,,,,,,,,
,,1976,Max Bond; Michael Mostoller; Robert Stern; Ms. Hermanuz,,,,,,,,,
,,1976,Max Bond; Michael Mostoller; Robert Stern; Ms. Hermanuz,,,,,,,,,
,,1976,Max Bond; Michael Mostoller; Robert Stern; Ms. Hermanuz,,,,,,,,,
,,1976,Max Bond; Michael Mostoller; Robert Stern; Ms. Hermanuz,,,,,,,,,
,,1976,Max Bond; Michael Mostoller; Robert Stern; Ms. Hermanuz,,,,,,,,,
,,1976,Max Bond; Michael Mostoller; Robert Stern; Ms. Hermanuz,,,,,,,,,
,,1976,Max Bond; Michael Mostoller; Robert Stern; Ms. Hermanuz,,,,,,,,,
,,1976,Max Bond; Michael Mostoller; Robert Stern; Ms. Hermanuz,,,,,,,,,
,,1976,Max Bond; Michael Mostoller; Robert Stern; Ms. Hermanuz,,,,,,,,,
,,1976,Max Bond; Michael Mostoller; Robert Stern; Ms. Hermanuz,,,,,,,,,
,,1976,Max Bond; Michael Mostoller; Robert Stern; Ms. Hermanuz,,,,,,,,,
,,1976,Max Bond; Michael Mostoller; Robert Stern; Ms. Hermanuz,,,,,,,,,
,,1976,Max Bond; Michael Mostoller; Robert Stern; Ms. Hermanuz,,,,,,,,,
,,1976,Max Bond; Michael Mostoller; Robert Stern; Ms. Hermanuz,,,,,,,,,
,,1976,Max Bond; Michael Mostoller; Robert Stern; Ms. Hermanuz,,,,,,,,,
,,1976,Max Bond; Michael Mostoller; Robert Stern; Ms. Hermanuz,,,,,,,,,
,,1976,Max Bond; Michael Mostoller; Robert Stern; Ms. Hermanuz,,,,,,,,,
,,1976,Max Bond; Michael Mostoller; Robert Stern; Ms. Hermanuz,,,,,,,,,
,,1976,Max Bond; Michael Mostoller; Robert Stern; Ms. Hermanuz,,,,,,,,,
,,1976,Max Bond; Michael Mostoller; Robert Stern; Ms. Hermanuz,,,,,,,,,
,,1976,Max Bond; Michael Mostoller; Robert Stern; Ms. Hermanuz,,,,,,,,,
,,1976,Max Bond; Michael Mostoller; Robert Stern; Ms. Hermanuz,,,,,,,,,
,,1977,Max Bond; Barbara Neski; Ada Karmi-Melamede; Michael Mostoller; Robert Stern,,,,,,,,,
,,1977,Max Bond; Barbara Neski; Ada Karmi-Melamede; Michael Mostoller; Robert Stern,,,,,,,,,
,,1977,Max Bond; Barbara Neski; Ada Karmi-Melamede; Michael Mostoller; Robert Stern,,,,,,,,,
,,1977,Max Bond; Barbara Neski; Ada Karmi-Melamede; Michael Mostoller; Robert Stern,,,,,,,,,
,,1977,Max Bond; Barbara Neski; Ada Karmi-Melamede; Michael Mostoller; Robert Stern,,,,,,,,,
,,1977,Max Bond; Barbara Neski; Ada Karmi-Melamede; Michael Mostoller; Robert Stern,,,,,,,,,
,,1977,Max Bond; Barbara Neski; Ada Karmi-Melamede; Michael Mostoller; Robert Stern,,,,,,,,,
,,1977,Max Bond; Barbara Neski; Ada Karmi-Melamede; Michael Mostoller; Robert Stern,,,,,,,,,
,,1977,Max Bond; Barbara Neski; Ada Karmi-Melamede; Michael Mostoller; Robert Stern,,,,,,,,,
,,1977,Max Bond; Barbara Neski; Ada Karmi-Melamede; Michael Mostoller; Robert Stern,,,,,,,,,
,,1977,Max Bond; Barbara Neski; Ada Karmi-Melamede; Michael Mostoller; Robert Stern,,,,,,,,,
,,1977,Max Bond; Barbara Neski; Ada Karmi-Melamede; Michael Mostoller; Robert Stern,,,,,,,,,
,,1977,Max Bond; Barbara Neski; Ada Karmi-Melamede; Michael Mostoller; Robert Stern,,,,,,,,,
,,1977,Max Bond; Barbara Neski; Ada Karmi-Melamede; Michael Mostoller; Robert Stern,,,,,,,,,
,,1977,Max Bond; Barbara Neski; Ada Karmi-Melamede; Michael Mostoller; Robert Stern,,,,,,,,,
,,1977,Max Bond; Barbara Neski; Ada Karmi-Melamede; Michael Mostoller; Robert Stern,,,,,,,,,
,,1977,Max Bond; Barbara Neski; Ada Karmi-Melamede; Michael Mostoller; Robert Stern,,,,,,,,,
,,1977,Max Bond; Barbara Neski; Ada Karmi-Melamede; Michael Mostoller; Robert Stern,,,,,,,,,
,,1977,Max Bond; Barbara Neski; Ada Karmi-Melamede; Michael Mostoller; Robert Stern,,,,,,,,,
,,1977,Max Bond; Barbara Neski; Ada Karmi-Melamede; Michael Mostoller; Robert Stern,,,,,,,,,
,,1977,Max Bond; Barbara Neski; Ada Karmi-Melamede; Michael Mostoller; Robert Stern,,,,,,,,,
,,1977,Max Bond; Barbara Neski; Ada Karmi-Melamede; Michael Mostoller; Robert Stern,,,,,,,,,
,,1977,Max Bond; Barbara Neski; Ada Karmi-Melamede; Michael Mostoller; Robert Stern,,,,,,,,,
,,1977,Max Bond; Barbara Neski; Ada Karmi-Melamede; Michael Mostoller; Robert Stern,,,,,,,,,
,,1977,Max Bond; Barbara Neski; Ada Karmi-Melamede; Michael Mostoller; Robert Stern,,,,,,,,,
,,1977,Max Bond; Barbara Neski; Ada Karmi-Melamede; Michael Mostoller; Robert Stern,,,,,,,,,
,,1977,Max Bond; Barbara Neski; Ada Karmi-Melamede; Michael Mostoller; Robert Stern,,,,,,,,,
,,1977,Max Bond; Barbara Neski; Ada Karmi-Melamede; Michael Mostoller; Robert Stern,,,,,,,,,
,,1977,Max Bond; Barbara Neski; Ada Karmi-Melamede; Michael Mostoller; Robert Stern,,,,,,,,,
,,1977,Max Bond; Barbara Neski; Ada Karmi-Melamede; Michael Mostoller; Robert Stern,,,,,,,,,
,,1977,Max Bond; Barbara Neski; Ada Karmi-Melamede; Michael Mostoller; Robert Stern,,,,,,,,,
,,1977,Max Bond; Barbara Neski; Ada Karmi-Melamede; Michael Mostoller; Robert Stern,,,,,,,,,
,,1977,Max Bond; Barbara Neski; Ada Karmi-Melamede; Michael Mostoller; Robert Stern,,,,,,,,,
,,1977,Max Bond; Barbara Neski; Ada Karmi-Melamede; Michael Mostoller; Robert Stern,,,,,,,,,
014,GSAPP_Exhibition-HousingStudios1974-2014_CompleteBooklet_Page_,1978,MAX BOND,,PARK SLOPE,BROOKLYN,"PARK SLOPE, BROOKLYN",40.6710672,-73.9814228,./pages/GSAPP_Exhibition-HousingStudios1974-2014_CompleteBooklet_Page_014.jpg,,TYPE; MEWS BLOCK; COMMERCIAL
,,1978,MAX BOND,,,,,,,,,
,,1978,MAX BOND,,,,,,,,,
,,1978,MAX BOND,,,,,,,,,
,,1978,MAX BOND,,,,,,,,,
,,1978,MAX BOND,,,,,,,,,
,,1978,MAX BOND,,,,,,,,,
,,1978,MAX BOND,,,,,,,,,
015,GSAPP_Exhibition-HousingStudios1974-2014_CompleteBooklet_Page_,1978,KENNETH FRAMPTON,,,,,,,./pages/GSAPP_Exhibition-HousingStudios1974-2014_CompleteBooklet_Page_015.jpg,,TYPE; PERIMETER BLOCK; GARDEN; TERRACES
,,1978,KENNETH FRAMPTON,,,,,,,,,
,,1978,KENNETH FRAMPTON,,,,,,,,,
,,1978,KENNETH FRAMPTON,,,,,,,,,
,,1978,KENNETH FRAMPTON,,,,,,,,,
,,1978,KENNETH FRAMPTON,,,,,,,,,
,,1978,KENNETH FRAMPTON,,,,,,,,,
,,1978,KENNETH FRAMPTON,,,,,,,,,
016,GSAPP_Exhibition-HousingStudios1974-2014_CompleteBooklet_Page_,1978,MICHAEL MOSTOLLER,,,,,,,./pages/GSAPP_Exhibition-HousingStudios1974-2014_CompleteBooklet_Page_016.jpg,,TYPE; SUBURBAN; SUPER BLOCK; PARK
,,1978,MICHAEL MOSTOLLER,,,,,,,,,
,,1978,MICHAEL MOSTOLLER,,,,,,,,,
,,1978,MICHAEL MOSTOLLER,,,,,,,,,
,,1978,MICHAEL MOSTOLLER,,,,,,,,,
,,1978,MICHAEL MOSTOLLER,,,,,,,,,
,,1978,MICHAEL MOSTOLLER,,,,,,,,,
,,1978,MICHAEL MOSTOLLER,,,,,,,,,
017,GSAPP_Exhibition-HousingStudios1974-2014_CompleteBooklet_Page_,1978,LAURETTA VINCIARELLI,,,,,,,./pages/GSAPP_Exhibition-HousingStudios1974-2014_CompleteBooklet_Page_017.jpg,,TYPE; CARPET BLOCK; GARDEN
,,1978,LAURETTA VINCIARELLI,,,,,,,,,
,,1978,LAURETTA VINCIARELLI,,,,,,,,,
,,1978,LAURETTA VINCIARELLI,,,,,,,,,
,,1978,LAURETTA VINCIARELLI,,,,,,,,,
,,1978,LAURETTA VINCIARELLI,,,,,,,,,
,,1978,LAURETTA VINCIARELLI,,,,,,,,,
,,1978,LAURETTA VINCIARELLI,,,,,,,,,
018,GSAPP_Exhibition-HousingStudios1974-2014_CompleteBooklet_Page_,1979,MAX BOND,,EAST HARLEM,MANHATTAN,"EAST HARLEM, MANHATTAN",40.7957399,-73.9389213,./pages/GSAPP_Exhibition-HousingStudios1974-2014_CompleteBooklet_Page_018.jpg,,TYPE; MEWS BLOCK; PLANNING; RENEWAL
,,1979,MAX BOND,,,,,,,,,
,,1979,MAX BOND,,,,,,,,,
,,1979,MAX BOND,,,,,,,,,
,,1979,MAX BOND,,,,,,,,,
,,1979,MAX BOND,,,,,,,,,
,,1979,MAX BOND,,,,,,,,,
,,1979,MAX BOND,,,,,,,,,
019,GSAPP_Exhibition-HousingStudios1974-2014_CompleteBooklet_Page_,1979,KENNETH FRAMPTON,,BROWNSVILLE,BROOKLYN,"BROWNSVILLE, BROOKLYN",40.665214,-73.9125304,./pages/GSAPP_Exhibition-HousingStudios1974-2014_CompleteBooklet_Page_019.jpg,,TYPE; PERIMETER BLOCK; UDC
,,1979,KENNETH FRAMPTON,,,,,,,,,
,,1979,KENNETH FRAMPTON,,,,,,,,,
,,1979,KENNETH FRAMPTON,,,,,,,,,
,,1979,KENNETH FRAMPTON,,,,,,,,,
,,1979,KENNETH FRAMPTON,,,,,,,,,
,,1979,KENNETH FRAMPTON,,,,,,,,,
,,1979,KENNETH FRAMPTON,,,,,,,,,
020,GSAPP_Exhibition-HousingStudios1974-2014_CompleteBooklet_Page_,1979,MICHAEL MOSTOLLER,,RAVENSWOOD,QUEENS,"RAVENSWOOD, QUEENS",40.7643574,-73.9234619,./pages/GSAPP_Exhibition-HousingStudios1974-2014_CompleteBooklet_Page_020.jpg,,TYPE; SUPER BLOCK; GARDEN; GARDEN APARTMENT
,,1979,MICHAEL MOSTOLLER,,,,,,,,,
,,1979,MICHAEL MOSTOLLER,,,,,,,,,
,,1979,MICHAEL MOSTOLLER,,,,,,,,,
,,1979,MICHAEL MOSTOLLER,,,,,,,,,
,,1979,MICHAEL MOSTOLLER,,,,,,,,,
,,1979,MICHAEL MOSTOLLER,,,,,,,,,
,,1979,MICHAEL MOSTOLLER,,,,,,,,,
021,GSAPP_Exhibition-HousingStudios1974-2014_CompleteBooklet_Page_,1979,LAURETTA VINCIARELLI,,ASTORIA,QUEENS,"ASTORIA, QUEENS",40.7643574,-73.9234619,./pages/GSAPP_Exhibition-HousingStudios1974-2014_CompleteBooklet_Page_021.jpg,,TYPE; CARPET BLOCK; LOW RISE 
,,1979,LAURETTA VINCIARELLI,,,,,,,,,
,,1979,LAURETTA VINCIARELLI,,,,,,,,,
,,1979,LAURETTA VINCIARELLI,,,,,,,,,
,,1979,LAURETTA VINCIARELLI,,,,,,,,,
,,1979,LAURETTA VINCIARELLI,,,,,,,,,
,,1979,LAURETTA VINCIARELLI,,,,,,,,,
,,1979,LAURETTA VINCIARELLI,,,,,,,,,
022,GSAPP_Exhibition-HousingStudios1974-2014_CompleteBooklet_Page_,1980,MICHAEL MOSTOLLER,,LOWER EAST SIDE,MANHATTAN,"LOWER EAST SIDE, MANHATTAN",40.715033,-73.9842724,./pages/GSAPP_Exhibition-HousingStudios1974-2014_CompleteBooklet_Page_022.jpg,,TYPE; PERIMETER BLOCK; GARDEN APARTMENT; GARDEN
,,1980,MICHAEL MOSTOLLER,,,,,,,,,
,,1980,MICHAEL MOSTOLLER,,,,,,,,,
,,1980,MICHAEL MOSTOLLER,,,,,,,,,
,,1980,MICHAEL MOSTOLLER,,,,,,,,,
,,1980,MICHAEL MOSTOLLER,,,,,,,,,
,,1980,MICHAEL MOSTOLLER,,,,,,,,,
,,1980,MICHAEL MOSTOLLER,,,,,,,,,
023,GSAPP_Exhibition-HousingStudios1974-2014_CompleteBooklet_Page_,1980,T. MERRILL PRENTICE JR.,,UPPER WEST SIDE,MANHATTAN,"UPPER WEST SIDE, MANHATTAN",40.7870106,-73.9753676,./pages/GSAPP_Exhibition-HousingStudios1974-2014_CompleteBooklet_Page_023.jpg,,
,,1980,T. MERRILL PRENTICE JR.,,,,,,,,,
,,1980,T. MERRILL PRENTICE JR.,,,,,,,,,
,,1980,T. MERRILL PRENTICE JR.,,,,,,,,,
,,1980,T. MERRILL PRENTICE JR.,,,,,,,,,
,,1980,T. MERRILL PRENTICE JR.,,,,,,,,,
,,1980,T. MERRILL PRENTICE JR.,,,,,,,,,
,,1980,T. MERRILL PRENTICE JR.,,,,,,,,,
024,GSAPP_Exhibition-HousingStudios1974-2014_CompleteBooklet_Page_,1980,LAURETTA VINCIARELLI,,,QUEENS,", QUEENS",40.7282239,-73.7948516,./pages/GSAPP_Exhibition-HousingStudios1974-2014_CompleteBooklet_Page_024.jpg,,
,,1980,LAURETTA VINCIARELLI,,,,,,,,,
,,1980,LAURETTA VINCIARELLI,,,,,,,,,
,,1980,LAURETTA VINCIARELLI,,,,,,,,,
,,1980,LAURETTA VINCIARELLI,,,,,,,,,
,,1980,LAURETTA VINCIARELLI,,,,,,,,,
,,1980,LAURETTA VINCIARELLI,,,,,,,,,
,,1980,LAURETTA VINCIARELLI,,,,,,,,,
025,GSAPP_Exhibition-HousingStudios1974-2014_CompleteBooklet_Page_,1980,TIMOTHY WOOD,,LOWER EAST SIDE,MANHATTAN,"LOWER EAST SIDE, MANHATTAN",40.715033,-73.9842724,./pages/GSAPP_Exhibition-HousingStudios1974-2014_CompleteBooklet_Page_025.jpg,,
,,1980,TIMOTHY WOOD,,,,,,,,,
,,1980,TIMOTHY WOOD,,,,,,,,,
,,1980,TIMOTHY WOOD,,,,,,,,,
,,1980,TIMOTHY WOOD,,,,,,,,,
,,1980,TIMOTHY WOOD,,,,,,,,,
,,1980,TIMOTHY WOOD,,,,,,,,,
,,1980,TIMOTHY WOOD,,,,,,,,,
026,GSAPP_Exhibition-HousingStudios1974-2014_CompleteBooklet_Page_,1981,MICHAEL MOSTOLLER & MICHAEL KAGAN,,MORNINGSIDE HIEGHTS,MANHATTAN,"MORNINGSIDE HIEGHTS, MANHATTAN",40.8105443,-73.9620581,./pages/GSAPP_Exhibition-HousingStudios1974-2014_CompleteBooklet_Page_026.jpg,,
,,1981,MICHAEL MOSTOLLER & MICHAEL KAGAN,,,,,,,,,
,,1981,MICHAEL MOSTOLLER & MICHAEL KAGAN,,,,,,,,,
,,1981,MICHAEL MOSTOLLER & MICHAEL KAGAN,,,,,,,,,
,,1981,MICHAEL MOSTOLLER & MICHAEL KAGAN,,,,,,,,,
,,1981,MICHAEL MOSTOLLER & MICHAEL KAGAN,,,,,,,,,
,,1981,MICHAEL MOSTOLLER & MICHAEL KAGAN,,,,,,,,,
,,1981,MICHAEL MOSTOLLER & MICHAEL KAGAN,,,,,,,,,
027,GSAPP_Exhibition-HousingStudios1974-2014_CompleteBooklet_Page_,1982,JOHN CIARDULLO & STEVE LESSER,,YORKTOWN,WESTCHESTER COUNTY,"YORKTOWN, WESTCHESTER COUNTY",41.2625965,-73.8183804,./pages/GSAPP_Exhibition-HousingStudios1974-2014_CompleteBooklet_Page_027.jpg,,
,,1982,JOHN CIARDULLO & STEVE LESSER,,,,,,,,,
,,1982,JOHN CIARDULLO & STEVE LESSER,,,,,,,,,
,,1982,JOHN CIARDULLO & STEVE LESSER,,,,,,,,,
,,1982,JOHN CIARDULLO & STEVE LESSER,,,,,,,,,
,,1982,JOHN CIARDULLO & STEVE LESSER,,,,,,,,,
,,1982,JOHN CIARDULLO & STEVE LESSER,,,,,,,,,
,,1982,JOHN CIARDULLO & STEVE LESSER,,,,,,,,,
028,GSAPP_Exhibition-HousingStudios1974-2014_CompleteBooklet_Page_,1982,MARY MCLEOD & RICHARD PLUNZ,,ASTORIA,QUEENS,"ASTORIA, QUEENS",40.7643574,-73.9234619,./pages/GSAPP_Exhibition-HousingStudios1974-2014_CompleteBooklet_Page_028.jpg,,
,,1982,MARY MCLEOD & RICHARD PLUNZ,,,,,,,,,
,,1982,MARY MCLEOD & RICHARD PLUNZ,,,,,,,,,
,,1982,MARY MCLEOD & RICHARD PLUNZ,,,,,,,,,
,,1982,MARY MCLEOD & RICHARD PLUNZ,,,,,,,,,
,,1982,MARY MCLEOD & RICHARD PLUNZ,,,,,,,,,
,,1982,MARY MCLEOD & RICHARD PLUNZ,,,,,,,,,
,,1982,MARY MCLEOD & RICHARD PLUNZ,,,,,,,,,
029,GSAPP_Exhibition-HousingStudios1974-2014_CompleteBooklet_Page_,1982,MICHAEL MOSTOLLER & MICHAEL KAGAN,,COLUMBUS CIRCLE,MANHATTAN,"COLUMBUS CIRCLE, MANHATTAN",40.767848,-73.9815219,./pages/GSAPP_Exhibition-HousingStudios1974-2014_CompleteBooklet_Page_029.jpg,,
,,1982,MICHAEL MOSTOLLER & MICHAEL KAGAN,,,,,,,,,
,,1982,MICHAEL MOSTOLLER & MICHAEL KAGAN,,,,,,,,,
,,1982,MICHAEL MOSTOLLER & MICHAEL KAGAN,,,,,,,,,
,,1982,MICHAEL MOSTOLLER & MICHAEL KAGAN,,,,,,,,,
,,1982,MICHAEL MOSTOLLER & MICHAEL KAGAN,,,,,,,,,
,,1982,MICHAEL MOSTOLLER & MICHAEL KAGAN,,,,,,,,,
,,1982,MICHAEL MOSTOLLER & MICHAEL KAGAN,,,,,,,,,
030,GSAPP_Exhibition-HousingStudios1974-2014_CompleteBooklet_Page_,1983,KENNETH FRAMPTON & ROY STRICKLAND,,EAST HARLEM,MANHATTAN,"EAST HARLEM, MANHATTAN",40.7957399,-73.9389213,./pages/GSAPP_Exhibition-HousingStudios1974-2014_CompleteBooklet_Page_030.jpg,,
,,1983,KENNETH FRAMPTON & ROY STRICKLAND,,,,,,,,,
,,1983,KENNETH FRAMPTON & ROY STRICKLAND,,,,,,,,,
,,1983,KENNETH FRAMPTON & ROY STRICKLAND,,,,,,,,,
,,1983,KENNETH FRAMPTON & ROY STRICKLAND,,,,,,,,,
,,1983,KENNETH FRAMPTON & ROY STRICKLAND,,,,,,,,,
,,1983,KENNETH FRAMPTON & ROY STRICKLAND,,,,,,,,,
,,1983,KENNETH FRAMPTON & ROY STRICKLAND,,,,,,,,,
031,GSAPP_Exhibition-HousingStudios1974-2014_CompleteBooklet_Page_,1983,MARTA GUTMAN & RICHARD PLUNZ,,,,,,,./pages/GSAPP_Exhibition-HousingStudios1974-2014_CompleteBooklet_Page_031.jpg,,
,,1983,MARTA GUTMAN & RICHARD PLUNZ,,,,,,,,,
,,1983,MARTA GUTMAN & RICHARD PLUNZ,,,,,,,,,
,,1983,MARTA GUTMAN & RICHARD PLUNZ,,,,,,,,,
,,1983,MARTA GUTMAN & RICHARD PLUNZ,,,,,,,,,
,,1983,MARTA GUTMAN & RICHARD PLUNZ,,,,,,,,,
,,1983,MARTA GUTMAN & RICHARD PLUNZ,,,,,,,,,
,,1983,MARTA GUTMAN & RICHARD PLUNZ,,,,,,,,,
032,GSAPP_Exhibition-HousingStudios1974-2014_CompleteBooklet_Page_,1983,LAURETTA VINCIARELLI & STEVEN LESSER,,,,,,,./pages/GSAPP_Exhibition-HousingStudios1974-2014_CompleteBooklet_Page_032.jpg,,
,,1983,LAURETTA VINCIARELLI & STEVEN LESSER,,,,,,,,,
,,1983,LAURETTA VINCIARELLI & STEVEN LESSER,,,,,,,,,
,,1983,LAURETTA VINCIARELLI & STEVEN LESSER,,,,,,,,,
,,1983,LAURETTA VINCIARELLI & STEVEN LESSER,,,,,,,,,
,,1983,LAURETTA VINCIARELLI & STEVEN LESSER,,,,,,,,,
,,1983,LAURETTA VINCIARELLI & STEVEN LESSER,,,,,,,,,
,,1983,LAURETTA VINCIARELLI & STEVEN LESSER,,,,,,,,,
033,GSAPP_Exhibition-HousingStudios1974-2014_CompleteBooklet_Page_,1984,MARTA GUTMAN & RICHARD PLUNZ,,,,,,,./pages/GSAPP_Exhibition-HousingStudios1974-2014_CompleteBooklet_Page_033.jpg,,
,,1984,MARTA GUTMAN & RICHARD PLUNZ,,,,,,,,,
,,1984,MARTA GUTMAN & RICHARD PLUNZ,,,,,,,,,
,,1984,MARTA GUTMAN & RICHARD PLUNZ,,,,,,,,,
,,1984,MARTA GUTMAN & RICHARD PLUNZ,,,,,,,,,
,,1984,MARTA GUTMAN & RICHARD PLUNZ,,,,,,,,,
,,1984,MARTA GUTMAN & RICHARD PLUNZ,,,,,,,,,
,,1984,MARTA GUTMAN & RICHARD PLUNZ,,,,,,,,,
,,1984,MARTA GUTMAN & RICHARD PLUNZ,,,,,,,,,
,,1984,MARTA GUTMAN & RICHARD PLUNZ,,,,,,,,,
,,1984,MARTA GUTMAN & RICHARD PLUNZ,,,,,,,,,
,,1984,MARY MCLEOD & ROY STRICKLAND,,,,,,,,,
,,1984,MARY MCLEOD & ROY STRICKLAND,,,,,,,,,
,,1984,MARY MCLEOD & ROY STRICKLAND,,,,,,,,,
,,1984,MARY MCLEOD & ROY STRICKLAND,,,,,,,,,
,,1984,MARY MCLEOD & ROY STRICKLAND,,,,,,,,,
,,1984,MARY MCLEOD & ROY STRICKLAND,,,,,,,,,
,,1984,MARY MCLEOD & ROY STRICKLAND,,,,,,,,,
,,1984,MARY MCLEOD & ROY STRICKLAND,,,,,,,,,
,,1984,MARY MCLEOD & ROY STRICKLAND,,,,,,,,,
,,1984,MARY MCLEOD & ROY STRICKLAND,,,,,,,,,
,,1984,MARY MCLEOD & ROY STRICKLAND,,,,,,,,,
,,1984,LAURETTA VINCIARELLI & MAURIZIO DEVITA,,,,,,,,,
,,1984,LAURETTA VINCIARELLI & MAURIZIO DEVITA,,,,,,,,,
,,1984,LAURETTA VINCIARELLI & MAURIZIO DEVITA,,,,,,,,,
,,1984,LAURETTA VINCIARELLI & MAURIZIO DEVITA,,,,,,,,,
,,1984,LAURETTA VINCIARELLI & MAURIZIO DEVITA,,,,,,,,,
,,1984,LAURETTA VINCIARELLI & MAURIZIO DEVITA,,,,,,,,,
,,1984,LAURETTA VINCIARELLI & MAURIZIO DEVITA,,,,,,,,,
,,1984,LAURETTA VINCIARELLI & MAURIZIO DEVITA,,,,,,,,,
,,1984,LAURETTA VINCIARELLI & MAURIZIO DEVITA,,,,,,,,,
,,1984,LAURETTA VINCIARELLI & MAURIZIO DEVITA,,,,,,,,,
,,1984,LAURETTA VINCIARELLI & MAURIZIO DEVITA,,,,,,,,,
034,GSAPP_Exhibition-HousingStudios1974-2014_CompleteBooklet_Page_,1985,MARTA GUTMAN & MAURIZIO DE VITA,,,,,,,./pages/GSAPP_Exhibition-HousingStudios1974-2014_CompleteBooklet_Page_034.jpg,,
,,1985,MARTA GUTMAN & MAURIZIO DE VITA,,,,,,,,,
,,1985,MARTA GUTMAN & MAURIZIO DE VITA,,,,,,,,,
,,1985,MARTA GUTMAN & MAURIZIO DE VITA,,,,,,,,,
,,1985,MARTA GUTMAN & MAURIZIO DE VITA,,,,,,,,,
,,1985,MARTA GUTMAN & MAURIZIO DE VITA,,,,,,,,,
,,1985,MARTA GUTMAN & MAURIZIO DE VITA,,,,,,,,,
,,1985,MARTA GUTMAN & MAURIZIO DE VITA,,,,,,,,,
,,1985,MARTA GUTMAN & MAURIZIO DE VITA,,,,,,,,,
,,1985,MARTA GUTMAN & MAURIZIO DE VITA,,,,,,,,,
,,1985,MARTA GUTMAN & MAURIZIO DE VITA,,,,,,,,,
,,1985,MARTA GUTMAN & MAURIZIO DE VITA,,,,,,,,,
,,1985,THEODORE & RICHARD PLUNZ,,,,,,,,,
,,1985,THEODORE & RICHARD PLUNZ,,,,,,,,,
,,1985,THEODORE & RICHARD PLUNZ,,,,,,,,,
,,1985,THEODORE & RICHARD PLUNZ,,,,,,,,,
,,1985,THEODORE & RICHARD PLUNZ,,,,,,,,,
,,1985,THEODORE & RICHARD PLUNZ,,,,,,,,,
,,1985,THEODORE & RICHARD PLUNZ,,,,,,,,,
,,1985,THEODORE & RICHARD PLUNZ,,,,,,,,,
,,1985,THEODORE & RICHARD PLUNZ,,,,,,,,,
,,1985,THEODORE & RICHARD PLUNZ,,,,,,,,,
,,1985,THEODORE & RICHARD PLUNZ,,,,,,,,,
,,1985,SHANE & ROY STRICKLAND,,,,,,,,,
,,1985,SHANE & ROY STRICKLAND,,,,,,,,,
,,1985,SHANE & ROY STRICKLAND,,,,,,,,,
,,1985,SHANE & ROY STRICKLAND,,,,,,,,,
,,1985,SHANE & ROY STRICKLAND,,,,,,,,,
,,1985,SHANE & ROY STRICKLAND,,,,,,,,,
,,1985,SHANE & ROY STRICKLAND,,,,,,,,,
,,1985,SHANE & ROY STRICKLAND,,,,,,,,,
,,1985,SHANE & ROY STRICKLAND,,,,,,,,,
,,1985,SHANE & ROY STRICKLAND,,,,,,,,,
,,1986,MARTA GUTMAN & RICHARD PLUNZ,,,,,,,,,
,,1986,MARTA GUTMAN & RICHARD PLUNZ,,,,,,,,,
,,1986,MARTA GUTMAN & RICHARD PLUNZ,,,,,,,,,
,,1986,MARTA GUTMAN & RICHARD PLUNZ,,,,,,,,,
,,1986,MARTA GUTMAN & RICHARD PLUNZ,,,,,,,,,
,,1986,MARTA GUTMAN & RICHARD PLUNZ,,,,,,,,,
,,1986,MARTA GUTMAN & RICHARD PLUNZ,,,,,,,,,
,,1986,MARTA GUTMAN & RICHARD PLUNZ,,,,,,,,,
,,1986,MARTA GUTMAN & RICHARD PLUNZ,,,,,,,,,
,,1986,MARTA GUTMAN & RICHARD PLUNZ,,,,,,,,,
,,1986,MARTA GUTMAN & RICHARD PLUNZ,,,,,,,,,
,,1986,LAURETTA VINCIARELLI & ROY STRICKLAND,,,,,,,,,
,,1986,LAURETTA VINCIARELLI & ROY STRICKLAND,,,,,,,,,
,,1986,LAURETTA VINCIARELLI & ROY STRICKLAND,,,,,,,,,
,,1986,LAURETTA VINCIARELLI & ROY STRICKLAND,,,,,,,,,
,,1986,LAURETTA VINCIARELLI & ROY STRICKLAND,,,,,,,,,
,,1986,LAURETTA VINCIARELLI & ROY STRICKLAND,,,,,,,,,
,,1986,LAURETTA VINCIARELLI & ROY STRICKLAND,,,,,,,,,
,,1986,LAURETTA VINCIARELLI & ROY STRICKLAND,,,,,,,,,
,,1986,LAURETTA VINCIARELLI & ROY STRICKLAND,,,,,,,,,
,,1986,LAURETTA VINCIARELLI & ROY STRICKLAND,,,,,,,,,
,,1986,LAURETTA VINCIARELLI & ROY STRICKLAND,,,,,,,,,
,,1986,KAREN VAN LENGEN & JAMES TICE,,,,,,,,,
,,1986,KAREN VAN LENGEN & JAMES TICE,,,,,,,,,
,,1986,KAREN VAN LENGEN & JAMES TICE,,,,,,,,,
,,1986,KAREN VAN LENGEN & JAMES TICE,,,,,,,,,
,,1986,KAREN VAN LENGEN & JAMES TICE,,,,,,,,,
,,1986,KAREN VAN LENGEN & JAMES TICE,,,,,,,,,
,,1986,KAREN VAN LENGEN & JAMES TICE,,,,,,,,,
,,1986,KAREN VAN LENGEN & JAMES TICE,,,,,,,,,
,,1986,KAREN VAN LENGEN & JAMES TICE,,,,,,,,,
,,1986,KAREN VAN LENGEN & JAMES TICE,,,,,,,,,
,,1986,KAREN VAN LENGEN & JAMES TICE,,,,,,,,,
035,GSAPP_Exhibition-HousingStudios1974-2014_CompleteBooklet_Page_,1987,RICHARD PLUNZ & MARTA GUTMAN,,JACKSON HEIGHTS,QUEENS,"JACKSON HEIGHTS, QUEENS",40.7556818,-73.8830701,./pages/GSAPP_Exhibition-HousingStudios1974-2014_CompleteBooklet_Page_035.jpg,,
,,1987,RICHARD PLUNZ & MARTA GUTMAN,,,,,,,,,
,,1987,RICHARD PLUNZ & MARTA GUTMAN,,,,,,,,,
,,1987,RICHARD PLUNZ & MARTA GUTMAN,,,,,,,,,
,,1987,RICHARD PLUNZ & MARTA GUTMAN,,,,,,,,,
,,1987,RICHARD PLUNZ & MARTA GUTMAN,,,,,,,,,
,,1987,RICHARD PLUNZ & MARTA GUTMAN,,,,,,,,,
,,1987,RICHARD PLUNZ & MARTA GUTMAN,,,,,,,,,
,,1987,RICHARD PLUNZ & MARTA GUTMAN,,,,,,,,,
,,1987,RICHARD PLUNZ & MARTA GUTMAN,,,,,,,,,
,,1987,RICHARD PLUNZ & MARTA GUTMAN,,,,,,,,,
036,GSAPP_Exhibition-HousingStudios1974-2014_CompleteBooklet_Page_,1987,KAREN VAN LENGEN & JAMES TICE,,,,,,,./pages/GSAPP_Exhibition-HousingStudios1974-2014_CompleteBooklet_Page_036.jpg,,
,,1987,KAREN VAN LENGEN & JAMES TICE,,,,,,,,,
,,1987,KAREN VAN LENGEN & JAMES TICE,,,,,,,,,
,,1987,KAREN VAN LENGEN & JAMES TICE,,,,,,,,,
,,1987,KAREN VAN LENGEN & JAMES TICE,,,,,,,,,
,,1987,KAREN VAN LENGEN & JAMES TICE,,,,,,,,,
,,1987,KAREN VAN LENGEN & JAMES TICE,,,,,,,,,
,,1987,KAREN VAN LENGEN & JAMES TICE,,,,,,,,,
,,1987,KAREN VAN LENGEN & JAMES TICE,,,,,,,,,
,,1987,KAREN VAN LENGEN & JAMES TICE,,,,,,,,,
,,1987,KAREN VAN LENGEN & JAMES TICE,,,,,,,,,
,,1987,KAREN VAN LENGEN & JAMES TICE,,,,,,,,,
037,GSAPP_Exhibition-HousingStudios1974-2014_CompleteBooklet_Page_,1987,LAURETTA VINCIARELLI & ROY STRICKLAND,,,,,,,./pages/GSAPP_Exhibition-HousingStudios1974-2014_CompleteBooklet_Page_037.jpg,,
,,1987,LAURETTA VINCIARELLI & ROY STRICKLAND,,,,,,,,,
,,1987,LAURETTA VINCIARELLI & ROY STRICKLAND,,,,,,,,,
,,1987,LAURETTA VINCIARELLI & ROY STRICKLAND,,,,,,,,,
,,1987,LAURETTA VINCIARELLI & ROY STRICKLAND,,,,,,,,,
,,1987,LAURETTA VINCIARELLI & ROY STRICKLAND,,,,,,,,,
,,1987,LAURETTA VINCIARELLI & ROY STRICKLAND,,,,,,,,,
,,1987,LAURETTA VINCIARELLI & ROY STRICKLAND,,,,,,,,,
,,1987,LAURETTA VINCIARELLI & ROY STRICKLAND,,,,,,,,,
,,1987,LAURETTA VINCIARELLI & ROY STRICKLAND,,,,,,,,,
,,1987,LAURETTA VINCIARELLI & ROY STRICKLAND,,,,,,,,,
040,GSAPP_Exhibition-HousingStudios1974-2014_CompleteBooklet_Page_,1988,WILLIAM MCDONALD,,LOWER EAST SIDE,MANHATTAN,"LOWER EAST SIDE, MANHATTAN",40.715033,-73.9842724,./pages/GSAPP_Exhibition-HousingStudios1974-2014_CompleteBooklet_Page_040.jpg,,
,,1988,WILLIAM MCDONALD,,,,,,,,,
,,1988,WILLIAM MCDONALD,,,,,,,,,
,,1988,WILLIAM MCDONALD,,,,,,,,,
,,1988,WILLIAM MCDONALD,,,,,,,,,
,,1988,WILLIAM MCDONALD,,,,,,,,,
,,1988,WILLIAM MCDONALD,,,,,,,,,
041,GSAPP_Exhibition-HousingStudios1974-2014_CompleteBooklet_Page_,1988,ROBERT MCCARTER,,LOWER EAST SIDE,MANHATTAN,"LOWER EAST SIDE, MANHATTAN",40.715033,-73.9842724,./pages/GSAPP_Exhibition-HousingStudios1974-2014_CompleteBooklet_Page_041.jpg,,GSAPP_Exhibition-HousingStudios1974-2014_CompleteBooklet_003.jpg
,,1988,ROBERT MCCARTER,,,,,,,,,
,,1988,ROBERT MCCARTER,,,,,,,,,
,,1988,ROBERT MCCARTER,,,,,,,,,
,,1988,ROBERT MCCARTER,,,,,,,,,
,,1988,ROBERT MCCARTER,,,,,,,,,
,,1988,ROBERT MCCARTER,,,,,,,,,
042,GSAPP_Exhibition-HousingStudios1974-2014_CompleteBooklet_Page_,1988,MARY MCLEOD,,ROCKAWAY,QUEENS,"ROCKAWAY, QUEENS",40.592658,-73.7977928,./pages/GSAPP_Exhibition-HousingStudios1974-2014_CompleteBooklet_Page_042.jpg,,
,,1988,MARY MCLEOD,,,,,,,,,
,,1988,MARY MCLEOD,,,,,,,,,
,,1988,MARY MCLEOD,,,,,,,,,
,,1988,MARY MCLEOD,,,,,,,,,
,,1988,MARY MCLEOD,,,,,,,,,
043,GSAPP_Exhibition-HousingStudios1974-2014_CompleteBooklet_Page_,1988,RICHARD PLUNZ,,POBLE NOU,BARCELONA,"POBLE NOU, BARCELONA",41.4034307,2.202795,./pages/GSAPP_Exhibition-HousingStudios1974-2014_CompleteBooklet_Page_043.jpg,,
,,1988,RICHARD PLUNZ,,,,,,,,,
,,1988,RICHARD PLUNZ,,,,,,,,,
,,1988,RICHARD PLUNZ,,,,,,,,,
,,1988,RICHARD PLUNZ,,,,,,,,,
,,1988,RICHARD PLUNZ,,,,,,,,,
,,1988,RICHARD PLUNZ,,,,,,,,,
044,GSAPP_Exhibition-HousingStudios1974-2014_CompleteBooklet_Page_,1988,JAMES TICE,,ROCKAWAY,QUEENS,"ROCKAWAY, QUEENS",40.592658,-73.7977928,./pages/GSAPP_Exhibition-HousingStudios1974-2014_CompleteBooklet_Page_044.jpg,,
,,1988,JAMES TICE,,,,,,,,,
,,1988,JAMES TICE,,,,,,,,,
,,1988,JAMES TICE,,,,,,,,,
,,1988,JAMES TICE,,,,,,,,,
,,1988,JAMES TICE,,,,,,,,,
045,GSAPP_Exhibition-HousingStudios1974-2014_CompleteBooklet_Page_,1989,AMY ANDERSON,,,RHODE ISLAND,", RHODE ISLAND",41.5800945,-71.4774291,./pages/GSAPP_Exhibition-HousingStudios1974-2014_CompleteBooklet_Page_045.jpg,,
,,1989,AMY ANDERSON,,,,,,,,,
,,1989,AMY ANDERSON,,,,,,,,,
,,1989,AMY ANDERSON,,,,,,,,,
,,1989,AMY ANDERSON,,,,,,,,,
,,1989,AMY ANDERSON,,,,,,,,,
,,1989,AMY ANDERSON,,,,,,,,,
,,1989,AMY ANDERSON,,,,,,,,,
,,1989,AMY ANDERSON,,,,,,,,,
046,GSAPP_Exhibition-HousingStudios1974-2014_CompleteBooklet_Page_,1989,STEVEN HOLL,,,,,,,./pages/GSAPP_Exhibition-HousingStudios1974-2014_CompleteBooklet_Page_046.jpg,,
,,1989,STEVEN HOLL,,,,,,,,,
,,1989,STEVEN HOLL,,,,,,,,,
,,1989,STEVEN HOLL,,,,,,,,,
,,1989,STEVEN HOLL,,,,,,,,,
,,1989,STEVEN HOLL,,,,,,,,,
,,1989,STEVEN HOLL,,,,,,,,,
,,1989,STEVEN HOLL,,,,,,,,,
,,1989,STEVEN HOLL,,,,,,,,,
047,GSAPP_Exhibition-HousingStudios1974-2014_CompleteBooklet_Page_,1989,ROBERT MCCARTER,,GREENPOINT ,BROOKLYN,"GREENPOINT , BROOKLYN",40.7304701,-73.9515032,./pages/GSAPP_Exhibition-HousingStudios1974-2014_CompleteBooklet_Page_047.jpg,,
,,1989,ROBERT MCCARTER,,,,,,,,,
,,1989,ROBERT MCCARTER,,,,,,,,,
,,1989,ROBERT MCCARTER,,,,,,,,,
,,1989,ROBERT MCCARTER,,,,,,,,,
,,1989,ROBERT MCCARTER,,,,,,,,,
,,1989,ROBERT MCCARTER,,,,,,,,,
,,1989,ROBERT MCCARTER,,,,,,,,,
,,1989,ROBERT MCCARTER,,,,,,,,,
048,GSAPP_Exhibition-HousingStudios1974-2014_CompleteBooklet_Page_,1989,LEONARDO ZYLBERBERG,,SOUTH BRONX,BRONX,"SOUTH BRONX, BRONX",40.81767,-73.9184261,./pages/GSAPP_Exhibition-HousingStudios1974-2014_CompleteBooklet_Page_048.jpg,,AFFORDABLE
,,1989,LEONARDO ZYLBERBERG,,,,,,,,,
,,1989,LEONARDO ZYLBERBERG,,,,,,,,,
,,1989,LEONARDO ZYLBERBERG,,,,,,,,,
,,1989,LEONARDO ZYLBERBERG,,,,,,,,,
,,1989,LEONARDO ZYLBERBERG,,,,,,,,,
,,1989,LEONARDO ZYLBERBERG,,,,,,,,,
,,1989,LEONARDO ZYLBERBERG,,,,,,,,,
049,GSAPP_Exhibition-HousingStudios1974-2014_CompleteBooklet_Page_,1990,KENNETH FRAMPTON & SULAN KOLATAN,,GOWANUS CANAL,BROOKLYN,"GOWANUS CANAL, BROOKLYN",40.6715865,-73.9988777,./pages/GSAPP_Exhibition-HousingStudios1974-2014_CompleteBooklet_Page_049.jpg,,
,,1990,KENNETH FRAMPTON & SULAN KOLATAN,,,,,,,,,
,,1990,KENNETH FRAMPTON & SULAN KOLATAN,,,,,,,,,
,,1990,KENNETH FRAMPTON & SULAN KOLATAN,,,,,,,,,
,,1990,KENNETH FRAMPTON & SULAN KOLATAN,,,,,,,,,
,,1990,KENNETH FRAMPTON & SULAN KOLATAN,,,,,,,,,
,,1990,KENNETH FRAMPTON & SULAN KOLATAN,,,,,,,,,
,,1990,KENNETH FRAMPTON & SULAN KOLATAN,,,,,,,,,
,,1990,KENNETH FRAMPTON & SULAN KOLATAN,,,,,,,,,
050,GSAPP_Exhibition-HousingStudios1974-2014_CompleteBooklet_Page_,1990,STEVEN HOLL,,GOWANUS CANAL,BROOKLYN,"GOWANUS CANAL, BROOKLYN",40.6715865,-73.9988777,./pages/GSAPP_Exhibition-HousingStudios1974-2014_CompleteBooklet_Page_050.jpg,,
,,1990,STEVEN HOLL,,,,,,,,,
,,1990,STEVEN HOLL,,,,,,,,,
,,1990,STEVEN HOLL,,,,,,,,,
,,1990,STEVEN HOLL,,,,,,,,,
,,1990,STEVEN HOLL,,,,,,,,,
,,1990,STEVEN HOLL,,,,,,,,,
,,1990,STEVEN HOLL,,,,,,,,,
,,1990,STEVEN HOLL,,,,,,,,,
051,GSAPP_Exhibition-HousingStudios1974-2014_CompleteBooklet_Page_,1990,LAURETTA VINCIARELLI,,GOWANUS CANAL,BROOKLYN,"GOWANUS CANAL, BROOKLYN",40.6715865,-73.9988777,./pages/GSAPP_Exhibition-HousingStudios1974-2014_CompleteBooklet_Page_051.jpg,,
,,1990,LAURETTA VINCIARELLI,,,,,,,,,
,,1990,LAURETTA VINCIARELLI,,,,,,,,,
,,1990,LAURETTA VINCIARELLI,,,,,,,,,
,,1990,LAURETTA VINCIARELLI,,,,,,,,,
,,1990,LAURETTA VINCIARELLI,,,,,,,,,
,,1990,LAURETTA VINCIARELLI,,,,,,,,,
,,1990,LAURETTA VINCIARELLI,,,,,,,,,
,,1990,LAURETTA VINCIARELLI,,,,,,,,,
052,GSAPP_Exhibition-HousingStudios1974-2014_CompleteBooklet_Page_,1990,LEONARDO ZYLBERBERG,,GOWANUS CANAL,BROOKLYN,"GOWANUS CANAL, BROOKLYN",40.6715865,-73.9988777,./pages/GSAPP_Exhibition-HousingStudios1974-2014_CompleteBooklet_Page_052.jpg,,
,,1990,LEONARDO ZYLBERBERG,,,,,,,,,
,,1990,LEONARDO ZYLBERBERG,,,,,,,,,
,,1990,LEONARDO ZYLBERBERG,,,,,,,,,
,,1990,LEONARDO ZYLBERBERG,,,,,,,,,
,,1990,LEONARDO ZYLBERBERG,,,,,,,,,
,,1990,LEONARDO ZYLBERBERG,,,,,,,,,
,,1990,LEONARDO ZYLBERBERG,,,,,,,,,
053,GSAPP_Exhibition-HousingStudios1974-2014_CompleteBooklet_Page_,1991,DIANA AGREST,,,,,,,./pages/GSAPP_Exhibition-HousingStudios1974-2014_CompleteBooklet_Page_053.jpg,,
,,1991,DIANA AGREST,,,,,,,,,
,,1991,DIANA AGREST,,,,,,,,,
,,1991,DIANA AGREST,,,,,,,,,
,,1991,DIANA AGREST,,,,,,,,,
,,1991,DIANA AGREST,,,,,,,,,
,,1991,DIANA AGREST,,,,,,,,,
,,1991,DIANA AGREST,,,,,,,,,
054,GSAPP_Exhibition-HousingStudios1974-2014_CompleteBooklet_Page_,1991,AMY ANDERSON,,GREENWICH VILLAGE,MANHATTAN,"GREENWICH VILLAGE, MANHATTAN",40.7335719,-74.0027418,./pages/GSAPP_Exhibition-HousingStudios1974-2014_CompleteBooklet_Page_054.jpg,,
,,1991,AMY ANDERSON,,,,,,,,,
,,1991,AMY ANDERSON,,,,,,,,,
,,1991,AMY ANDERSON,,,,,,,,,
,,1991,AMY ANDERSON,,,,,,,,,
,,1991,AMY ANDERSON,,,,,,,,,
,,1991,AMY ANDERSON,,,,,,,,,
,,1991,AMY ANDERSON,,,,,,,,,
055,GSAPP_Exhibition-HousingStudios1974-2014_CompleteBooklet_Page_,1991,WAYNE BERG,,,,,,,./pages/GSAPP_Exhibition-HousingStudios1974-2014_CompleteBooklet_Page_055.jpg,,
,,1991,WAYNE BERG,,,,,,,,,
,,1991,WAYNE BERG,,,,,,,,,
,,1991,WAYNE BERG,,,,,,,,,
,,1991,WAYNE BERG,,,,,,,,,
,,1991,WAYNE BERG,,,,,,,,,
,,1991,WAYNE BERG,,,,,,,,,
,,1991,WAYNE BERG,,,,,,,,,
,,1991,WAYNE BERG,,,,,,,,,
056,GSAPP_Exhibition-HousingStudios1974-2014_CompleteBooklet_Page_,1991,LAURETTA VINCIARELLI,,MEATPACKING DISTRICT,MANHATTAN,"MEATPACKING DISTRICT, MANHATTAN",40.7409865,-74.0076108,./pages/GSAPP_Exhibition-HousingStudios1974-2014_CompleteBooklet_Page_056.jpg,,
,,1991,LAURETTA VINCIARELLI,,,,,,,,,
,,1991,LAURETTA VINCIARELLI,,,,,,,,,
,,1991,LAURETTA VINCIARELLI,,,,,,,,,
,,1991,LAURETTA VINCIARELLI,,,,,,,,,
,,1991,LAURETTA VINCIARELLI,,,,,,,,,
,,1991,LAURETTA VINCIARELLI,,,,,,,,,
,,1991,LAURETTA VINCIARELLI,,,,,,,,,
,,1991,LAURETTA VINCIARELLI,,,,,,,,,
057,GSAPP_Exhibition-HousingStudios1974-2014_CompleteBooklet_Page_,1992,WAYNE BERG,,CITY ISLAND,BRONX,"CITY ISLAND, BRONX",40.8468202,-73.7874983,./pages/GSAPP_Exhibition-HousingStudios1974-2014_CompleteBooklet_Page_057.jpg,,
,,1992,WAYNE BERG,,,,,,,,,
,,1992,WAYNE BERG,,,,,,,,,
,,1992,WAYNE BERG,,,,,,,,,
,,1992,WAYNE BERG,,,,,,,,,
,,1992,WAYNE BERG,,,,,,,,,
,,1992,WAYNE BERG,,,,,,,,,
,,1992,WAYNE BERG,,,,,,,,,
058,GSAPP_Exhibition-HousingStudios1974-2014_CompleteBooklet_Page_,1992,LYNNE BRESLIN,,CITY ISLAND,BRONX,"CITY ISLAND, BRONX",40.8468202,-73.7874983,./pages/GSAPP_Exhibition-HousingStudios1974-2014_CompleteBooklet_Page_058.jpg,,
,,1992,LYNNE BRESLIN,,,,,,,,,
,,1992,LYNNE BRESLIN,,,,,,,,,
,,1992,LYNNE BRESLIN,,,,,,,,,
,,1992,LYNNE BRESLIN,,,,,,,,,
,,1992,LYNNE BRESLIN,,,,,,,,,
,,1992,LYNNE BRESLIN,,,,,,,,,
,,1992,LYNNE BRESLIN,,,,,,,,,
,,1992,LYNNE BRESLIN,,,,,,,,,
059,GSAPP_Exhibition-HousingStudios1974-2014_CompleteBooklet_Page_,1992,KELLER EASTERLING,,CITY ISLAND,BRONX,"CITY ISLAND, BRONX",40.8468202,-73.7874983,./pages/GSAPP_Exhibition-HousingStudios1974-2014_CompleteBooklet_Page_059.jpg,,
,,1992,KELLER EASTERLING,,,,,,,,,
,,1992,KELLER EASTERLING,,,,,,,,,
,,1992,KELLER EASTERLING,,,,,,,,,
,,1992,KELLER EASTERLING,,,,,,,,,
,,1992,KELLER EASTERLING,,,,,,,,,
,,1992,KELLER EASTERLING,,,,,,,,,
,,1992,KELLER EASTERLING,,,,,,,,,
,,1992,KELLER EASTERLING,,,,,,,,,
060,GSAPP_Exhibition-HousingStudios1974-2014_CompleteBooklet_Page_,1992,SULAN KOLATAN,,CITY ISLAND,BRONX,"CITY ISLAND, BRONX",40.8468202,-73.7874983,./pages/GSAPP_Exhibition-HousingStudios1974-2014_CompleteBooklet_Page_060.jpg,,
,,1992,SULAN KOLATAN,,,,,,,,,
,,1992,SULAN KOLATAN,,,,,,,,,
,,1992,SULAN KOLATAN,,,,,,,,,
,,1992,SULAN KOLATAN,,,,,,,,,
,,1992,SULAN KOLATAN,,,,,,,,,
,,1992,SULAN KOLATAN,,,,,,,,,
,,1992,SULAN KOLATAN,,,,,,,,,
061,GSAPP_Exhibition-HousingStudios1974-2014_CompleteBooklet_Page_,1993,WAYNE BERG,,,,,,,./pages/GSAPP_Exhibition-HousingStudios1974-2014_CompleteBooklet_Page_061.jpg,,
,,1993,WAYNE BERG,,,,,,,,,
,,1993,WAYNE BERG,,,,,,,,,
,,1993,WAYNE BERG,,,,,,,,,
,,1993,WAYNE BERG,,,,,,,,,
,,1993,WAYNE BERG,,,,,,,,,
,,1993,WAYNE BERG,,,,,,,,,
,,1993,WAYNE BERG,,,,,,,,,
062,GSAPP_Exhibition-HousingStudios1974-2014_CompleteBooklet_Page_,1993,STEVEN BRITTAN,,CONEY ISLAND,BROOKLYN,"CONEY ISLAND, BROOKLYN",40.5755438,-73.9707016,./pages/GSAPP_Exhibition-HousingStudios1974-2014_CompleteBooklet_Page_062.jpg,,
,,1993,STEVEN BRITTAN,,,,,,,,,
,,1993,STEVEN BRITTAN,,,,,,,,,
,,1993,STEVEN BRITTAN,,,,,,,,,
,,1993,STEVEN BRITTAN,,,,,,,,,
,,1993,STEVEN BRITTAN,,,,,,,,,
,,1993,STEVEN BRITTAN,,,,,,,,,
,,1993,STEVEN BRITTAN,,,,,,,,,
,,1993,STEVEN BRITTAN,,,,,,,,,
,,1993,STEVEN BRITTAN,,,,,,,,,
063,GSAPP_Exhibition-HousingStudios1974-2014_CompleteBooklet_Page_,1993,ROBERT A.M. STERN & GRANT MARANI,,CONEY ISLAND,BROOKLYN,"CONEY ISLAND, BROOKLYN",40.5755438,-73.9707016,./pages/GSAPP_Exhibition-HousingStudios1974-2014_CompleteBooklet_Page_063.jpg,,
,,1993,ROBERT A.M. STERN & GRANT MARANI,,,,,,,,,
,,1993,ROBERT A.M. STERN & GRANT MARANI,,,,,,,,,
,,1993,ROBERT A.M. STERN & GRANT MARANI,,,,,,,,,
,,1993,ROBERT A.M. STERN & GRANT MARANI,,,,,,,,,
,,1993,ROBERT A.M. STERN & GRANT MARANI,,,,,,,,,
,,1993,ROBERT A.M. STERN & GRANT MARANI,,,,,,,,,
,,1993,ROBERT A.M. STERN & GRANT MARANI,,,,,,,,,
,,1993,ROBERT A.M. STERN & GRANT MARANI,,,,,,,,,
,,1993,ROBERT A.M. STERN & GRANT MARANI,,,,,,,,,
064,GSAPP_Exhibition-HousingStudios1974-2014_CompleteBooklet_Page_,1993,PETER TESTA,,,,,,,./pages/GSAPP_Exhibition-HousingStudios1974-2014_CompleteBooklet_Page_064.jpg,,
,,1993,PETER TESTA,,,,,,,,,
,,1993,PETER TESTA,,,,,,,,,
,,1993,PETER TESTA,,,,,,,,,
,,1993,PETER TESTA,,,,,,,,,
,,1993,PETER TESTA,,,,,,,,,
,,1993,PETER TESTA,,,,,,,,,
,,1993,PETER TESTA,,,,,,,,,
,,1993,PETER TESTA,,,,,,,,,
065,GSAPP_Exhibition-HousingStudios1974-2014_CompleteBooklet_Page_,1994,PETER TESTA,,SOUTH BRONX,BRONX,"SOUTH BRONX, BRONX",40.81767,-73.9184261,./pages/GSAPP_Exhibition-HousingStudios1974-2014_CompleteBooklet_Page_065.jpg,,
,,1994,PETER TESTA,,,,,,,,,
,,1994,PETER TESTA,,,,,,,,,
,,1994,PETER TESTA,,,,,,,,,
,,1994,PETER TESTA,,,,,,,,,
,,1994,PETER TESTA,,,,,,,,,
,,1994,PETER TESTA,,,,,,,,,
,,1994,PETER TESTA,,,,,,,,,
,,1994,PETER TESTA,,,,,,,,,
,,1994,PETER TESTA,,,,,,,,,
066,GSAPP_Exhibition-HousingStudios1974-2014_CompleteBooklet_Page_,1994,KATHRINE DEAN & STEVEN BRITTAN,,,,,,,./pages/GSAPP_Exhibition-HousingStudios1974-2014_CompleteBooklet_Page_066.jpg,,
,,1994,KATHRINE DEAN & STEVEN BRITTAN,,,,,,,,,
,,1994,KATHRINE DEAN & STEVEN BRITTAN,,,,,,,,,
,,1994,KATHRINE DEAN & STEVEN BRITTAN,,,,,,,,,
,,1994,KATHRINE DEAN & STEVEN BRITTAN,,,,,,,,,
,,1994,KATHRINE DEAN & STEVEN BRITTAN,,,,,,,,,
,,1994,KATHRINE DEAN & STEVEN BRITTAN,,,,,,,,,
,,1994,KATHRINE DEAN & STEVEN BRITTAN,,,,,,,,,
,,1994,KATHRINE DEAN & STEVEN BRITTAN,,,,,,,,,
067,GSAPP_Exhibition-HousingStudios1974-2014_CompleteBooklet_Page_,1994,WAYNE BERG,,SOUTH BRONX,BRONX,"SOUTH BRONX, BRONX",40.81767,-73.9184261,./pages/GSAPP_Exhibition-HousingStudios1974-2014_CompleteBooklet_Page_067.jpg,,
,,1994,WAYNE BERG,,,,,,,,,
,,1994,WAYNE BERG,,,,,,,,,
,,1994,WAYNE BERG,,,,,,,,,
,,1994,WAYNE BERG,,,,,,,,,
,,1994,WAYNE BERG,,,,,,,,,
,,1994,WAYNE BERG,,,,,,,,,
,,1994,WAYNE BERG,,,,,,,,,
,,1994,WAYNE BERG,,,,,,,,,
068,GSAPP_Exhibition-HousingStudios1974-2014_CompleteBooklet_Page_,1995,LAURETTA VINCIARELLI,,,,,,,./pages/GSAPP_Exhibition-HousingStudios1974-2014_CompleteBooklet_Page_068.jpg,,
,,1995,LAURETTA VINCIARELLI,,,,,,,,,
,,1995,LAURETTA VINCIARELLI,,,,,,,,,
,,1995,LAURETTA VINCIARELLI,,,,,,,,,
,,1995,LAURETTA VINCIARELLI,,,,,,,,,
,,1995,LAURETTA VINCIARELLI,,,,,,,,,
,,1995,LAURETTA VINCIARELLI,,,,,,,,,
,,1995,LAURETTA VINCIARELLI,,,,,,,,,
,,1995,LAURETTA VINCIARELLI,,,,,,,,,
069,GSAPP_Exhibition-HousingStudios1974-2014_CompleteBooklet_Page_,1995,PETER TESTA,,,BROOKLYN,", BROOKLYN",40.6781784,-73.9441579,./pages/GSAPP_Exhibition-HousingStudios1974-2014_CompleteBooklet_Page_069.jpg,,
,,1995,PETER TESTA,,,,,,,,,
,,1995,PETER TESTA,,,,,,,,,
,,1995,PETER TESTA,,,,,,,,,
,,1995,PETER TESTA,,,,,,,,,
,,1995,PETER TESTA,,,,,,,,,
,,1995,PETER TESTA,,,,,,,,,
,,1995,PETER TESTA,,,,,,,,,
,,1995,PETER TESTA,,,,,,,,,
,,1995,PETER TESTA,,,,,,,,,
070,GSAPP_Exhibition-HousingStudios1974-2014_CompleteBooklet_Page_,1995,CHRISTIAN HUBERT,,,,,,,./pages/GSAPP_Exhibition-HousingStudios1974-2014_CompleteBooklet_Page_070.jpg,,
,,1995,CHRISTIAN HUBERT,,,,,,,,,
,,1995,CHRISTIAN HUBERT,,,,,,,,,
,,1995,CHRISTIAN HUBERT,,,,,,,,,
,,1995,CHRISTIAN HUBERT,,,,,,,,,
,,1995,CHRISTIAN HUBERT,,,,,,,,,
,,1995,CHRISTIAN HUBERT,,,,,,,,,
,,1995,CHRISTIAN HUBERT,,,,,,,,,
,,1995,CHRISTIAN HUBERT,,,,,,,,,
,,1995,CHRISTIAN HUBERT,,,,,,,,,
071,GSAPP_Exhibition-HousingStudios1974-2014_CompleteBooklet_Page_,1995,KELLER EASTERLING,,FORT GREENE,BROOKLYN,"FORT GREENE, BROOKLYN",40.6920638,-73.9741874,./pages/GSAPP_Exhibition-HousingStudios1974-2014_CompleteBooklet_Page_071.jpg,,
,,1995,KELLER EASTERLING,,,,,,,,,
,,1995,KELLER EASTERLING,,,,,,,,,
,,1995,KELLER EASTERLING,,,,,,,,,
,,1995,KELLER EASTERLING,,,,,,,,,
,,1995,KELLER EASTERLING,,,,,,,,,
,,1995,KELLER EASTERLING,,,,,,,,,
,,1995,KELLER EASTERLING,,,,,,,,,
,,1995,KELLER EASTERLING,,,,,,,,,
072,GSAPP_Exhibition-HousingStudios1974-2014_CompleteBooklet_Page_,1996,KLAUS HERDOG,,MORNINGSIDE HEIGHTS,MANHATTAN,"MORNINGSIDE HEIGHTS, MANHATTAN",40.8105443,-73.9620581,./pages/GSAPP_Exhibition-HousingStudios1974-2014_CompleteBooklet_Page_072.jpg,,
,,1996,KLAUS HERDOG,,,,,,,,,
,,1996,KLAUS HERDOG,,,,,,,,,
,,1996,KLAUS HERDOG,,,,,,,,,
,,1996,KLAUS HERDOG,,,,,,,,,
,,1996,KLAUS HERDOG,,,,,,,,,
,,1996,KLAUS HERDOG,,,,,,,,,
,,1996,KLAUS HERDOG,,,,,,,,,
,,1996,KLAUS HERDOG,,,,,,,,,
,,1996,KLAUS HERDOG,,,,,,,,,
073,GSAPP_Exhibition-HousingStudios1974-2014_CompleteBooklet_Page_,1996,KELLER EASTERLING,,MORNINGSIDE HEIGHTS,MANHATTAN,"MORNINGSIDE HEIGHTS, MANHATTAN",40.8105443,-73.9620581,./pages/GSAPP_Exhibition-HousingStudios1974-2014_CompleteBooklet_Page_073.jpg,,
,,1996,KELLER EASTERLING,,,,,,,,,
,,1996,KELLER EASTERLING,,,,,,,,,
,,1996,KELLER EASTERLING,,,,,,,,,
,,1996,KELLER EASTERLING,,,,,,,,,
,,1996,KELLER EASTERLING,,,,,,,,,
,,1996,KELLER EASTERLING,,,,,,,,,
,,1996,KELLER EASTERLING,,,,,,,,,
,,1996,KELLER EASTERLING,,,,,,,,,
074,GSAPP_Exhibition-HousingStudios1974-2014_CompleteBooklet_Page_,1996,KATHERINE DEAN,,MORNINGSIDE HEIGHTS,MANHATTAN,"MORNINGSIDE HEIGHTS, MANHATTAN",40.8105443,-73.9620581,./pages/GSAPP_Exhibition-HousingStudios1974-2014_CompleteBooklet_Page_074.jpg,,
,,1996,KATHERINE DEAN,,,,,,,,,
,,1996,KATHERINE DEAN,,,,,,,,,
,,1996,KATHERINE DEAN,,,,,,,,,
,,1996,KATHERINE DEAN,,,,,,,,,
,,1996,KATHERINE DEAN,,,,,,,,,
,,1996,KATHERINE DEAN,,,,,,,,,
,,1996,KATHERINE DEAN,,,,,,,,,
,,1996,KATHERINE DEAN,,,,,,,,,
,,1996,KATHERINE DEAN,,,,,,,,,
075,GSAPP_Exhibition-HousingStudios1974-2014_CompleteBooklet_Page_,1996,WAYNE BERG,,MORNINGSIDE HEIGHTS,MANHATTAN,"MORNINGSIDE HEIGHTS, MANHATTAN",40.8105443,-73.9620581,./pages/GSAPP_Exhibition-HousingStudios1974-2014_CompleteBooklet_Page_075.jpg,,
,,1996,WAYNE BERG,,,,,,,,,
,,1996,WAYNE BERG,,,,,,,,,
,,1996,WAYNE BERG,,,,,,,,,
,,1996,WAYNE BERG,,,,,,,,,
,,1996,WAYNE BERG,,,,,,,,,
,,1996,WAYNE BERG,,,,,,,,,
,,1996,WAYNE BERG,,,,,,,,,
,,1996,WAYNE BERG,,,,,,,,,
,,1996,WAYNE BERG,,,,,,,,,
076,GSAPP_Exhibition-HousingStudios1974-2014_CompleteBooklet_Page_,1997,ROBERT STERN & GRANT MARANI,,,,,,,./pages/GSAPP_Exhibition-HousingStudios1974-2014_CompleteBooklet_Page_076.jpg,,
,,1997,ROBERT STERN & GRANT MARANI,,,,,,,,,
,,1997,ROBERT STERN & GRANT MARANI,,,,,,,,,
,,1997,ROBERT STERN & GRANT MARANI,,,,,,,,,
,,1997,ROBERT STERN & GRANT MARANI,,,,,,,,,
,,1997,ROBERT STERN & GRANT MARANI,,,,,,,,,
,,1997,ROBERT STERN & GRANT MARANI,,,,,,,,,
,,1997,ROBERT STERN & GRANT MARANI,,,,,,,,,
,,1997,ROBERT STERN & GRANT MARANI,,,,,,,,,
,,1997,ROBERT STERN & GRANT MARANI,,,,,,,,,
077,GSAPP_Exhibition-HousingStudios1974-2014_CompleteBooklet_Page_,1997,KARLA MARIA ROTHSTEIN,,,,,,,./pages/GSAPP_Exhibition-HousingStudios1974-2014_CompleteBooklet_Page_077.jpg,,
,,1997,KARLA MARIA ROTHSTEIN,,,,,,,,,
,,1997,KARLA MARIA ROTHSTEIN,,,,,,,,,
,,1997,KARLA MARIA ROTHSTEIN,,,,,,,,,
,,1997,KARLA MARIA ROTHSTEIN,,,,,,,,,
,,1997,KARLA MARIA ROTHSTEIN,,,,,,,,,
,,1997,KARLA MARIA ROTHSTEIN,,,,,,,,,
,,1997,KARLA MARIA ROTHSTEIN,,,,,,,,,
,,1997,KARLA MARIA ROTHSTEIN,,,,,,,,,
,,1997,KARLA MARIA ROTHSTEIN,,,,,,,,,
078,GSAPP_Exhibition-HousingStudios1974-2014_CompleteBooklet_Page_,1997,KELLER EASTERLING,,UPPER WEST SIDE,MANHATTAN,"UPPER WEST SIDE, MANHATTAN",40.7870106,-73.9753676,./pages/GSAPP_Exhibition-HousingStudios1974-2014_CompleteBooklet_Page_078.jpg,,
,,1997,KELLER EASTERLING,,,,,,,,,
,,1997,KELLER EASTERLING,,,,,,,,,
,,1997,KELLER EASTERLING,,,,,,,,,
,,1997,KELLER EASTERLING,,,,,,,,,
,,1997,KELLER EASTERLING,,,,,,,,,
,,1997,KELLER EASTERLING,,,,,,,,,
,,1997,KELLER EASTERLING,,,,,,,,,
,,1997,KELLER EASTERLING,,,,,,,,,
,,1997,KELLER EASTERLING,,,,,,,,,
079,GSAPP_Exhibition-HousingStudios1974-2014_CompleteBooklet_Page_,1997,KATHRYN DEAN,,,,,,,./pages/GSAPP_Exhibition-HousingStudios1974-2014_CompleteBooklet_Page_079.jpg,,
,,1997,KATHRYN DEAN,,,,,,,,,
,,1997,KATHRYN DEAN,,,,,,,,,
,,1997,KATHRYN DEAN,,,,,,,,,
,,1997,KATHRYN DEAN,,,,,,,,,
,,1997,KATHRYN DEAN,,,,,,,,,
,,1997,KATHRYN DEAN,,,,,,,,,
,,1997,KATHRYN DEAN,,,,,,,,,
,,1997,KATHRYN DEAN,,,,,,,,,
080,GSAPP_Exhibition-HousingStudios1974-2014_CompleteBooklet_Page_,1998,LAURETTA VINCIARELLI,,GOWANUS CANAL,BROOKLYN,"GOWANUS CANAL, BROOKLYN",40.6715865,-73.9988777,./pages/GSAPP_Exhibition-HousingStudios1974-2014_CompleteBooklet_Page_080.jpg,,
,,1998,LAURETTA VINCIARELLI,,,,,,,,,
,,1998,LAURETTA VINCIARELLI,,,,,,,,,
,,1998,LAURETTA VINCIARELLI,,,,,,,,,
,,1998,LAURETTA VINCIARELLI,,,,,,,,,
,,1998,LAURETTA VINCIARELLI,,,,,,,,,
,,1998,LAURETTA VINCIARELLI,,,,,,,,,
,,1998,LAURETTA VINCIARELLI,,,,,,,,,
,,1998,LAURETTA VINCIARELLI,,,,,,,,,
081,GSAPP_Exhibition-HousingStudios1974-2014_CompleteBooklet_Page_,1998,KARLA MARIA ROTHSTEIN,,GOWANUS CANAL,BROOKLYN,"GOWANUS CANAL, BROOKLYN",40.6715865,-73.9988777,./pages/GSAPP_Exhibition-HousingStudios1974-2014_CompleteBooklet_Page_081.jpg,,
,,1998,KARLA MARIA ROTHSTEIN,,,,,,,,,
,,1998,KARLA MARIA ROTHSTEIN,,,,,,,,,
,,1998,KARLA MARIA ROTHSTEIN,,,,,,,,,
,,1998,KARLA MARIA ROTHSTEIN,,,,,,,,,
,,1998,KARLA MARIA ROTHSTEIN,,,,,,,,,
,,1998,KARLA MARIA ROTHSTEIN,,,,,,,,,
,,1998,KARLA MARIA ROTHSTEIN,,,,,,,,,
,,1998,KARLA MARIA ROTHSTEIN,,,,,,,,,
082,GSAPP_Exhibition-HousingStudios1974-2014_CompleteBooklet_Page_,1998,BRIAN MESSANA,,,,,,,./pages/GSAPP_Exhibition-HousingStudios1974-2014_CompleteBooklet_Page_082.jpg,,
,,1998,BRIAN MESSANA,,,,,,,,,
,,1998,BRIAN MESSANA,,,,,,,,,
,,1998,BRIAN MESSANA,,,,,,,,,
,,1998,BRIAN MESSANA,,,,,,,,,
,,1998,BRIAN MESSANA,,,,,,,,,
,,1998,BRIAN MESSANA,,,,,,,,,
,,1998,BRIAN MESSANA,,,,,,,,,
,,1998,BRIAN MESSANA,,,,,,,,,
083,GSAPP_Exhibition-HousingStudios1974-2014_CompleteBooklet_Page_,1998,GRANT MARANI,,,,,,,./pages/GSAPP_Exhibition-HousingStudios1974-2014_CompleteBooklet_Page_083.jpg,,
,,1998,GRANT MARANI,,,,,,,,,
,,1998,GRANT MARANI,,,,,,,,,
,,1998,GRANT MARANI,,,,,,,,,
,,1998,GRANT MARANI,,,,,,,,,
,,1998,GRANT MARANI,,,,,,,,,
,,1998,GRANT MARANI,,,,,,,,,
,,1998,GRANT MARANI,,,,,,,,,
,,1998,GRANT MARANI,,,,,,,,,
084,GSAPP_Exhibition-HousingStudios1974-2014_CompleteBooklet_Page_,1998,KEVIN COLLINS,,GOWANUS CANAL,BROOKLYN,"GOWANUS CANAL, BROOKLYN",40.6715865,-73.9988777,./pages/GSAPP_Exhibition-HousingStudios1974-2014_CompleteBooklet_Page_084.jpg,,
,,1998,KEVIN COLLINS,,,,,,,,,
,,1998,KEVIN COLLINS,,,,,,,,,
,,1998,KEVIN COLLINS,,,,,,,,,
,,1998,KEVIN COLLINS,,,,,,,,,
,,1998,KEVIN COLLINS,,,,,,,,,
,,1998,KEVIN COLLINS,,,,,,,,,
,,1998,KEVIN COLLINS,,,,,,,,,
,,1998,KEVIN COLLINS,,,,,,,,,
085,GSAPP_Exhibition-HousingStudios1974-2014_CompleteBooklet_Page_,1999,KARLA MARIA ROTHSTEIN,,,BRONX,", BRONX",40.8447819,-73.8648268,./pages/GSAPP_Exhibition-HousingStudios1974-2014_CompleteBooklet_Page_085.jpg,,
,,1999,KARLA MARIA ROTHSTEIN,,,,,,,,,
,,1999,KARLA MARIA ROTHSTEIN,,,,,,,,,
,,1999,KARLA MARIA ROTHSTEIN,,,,,,,,,
,,1999,KARLA MARIA ROTHSTEIN,,,,,,,,,
,,1999,KARLA MARIA ROTHSTEIN,,,,,,,,,
,,1999,KARLA MARIA ROTHSTEIN,,,,,,,,,
,,1999,KARLA MARIA ROTHSTEIN,,,,,,,,,
,,1999,KARLA MARIA ROTHSTEIN,,,,,,,,,
086,GSAPP_Exhibition-HousingStudios1974-2014_CompleteBooklet_Page_,1999,ROBERT MARINO,,,,,,,./pages/GSAPP_Exhibition-HousingStudios1974-2014_CompleteBooklet_Page_086.jpg,,
,,1999,ROBERT MARINO,,,,,,,,,
,,1999,ROBERT MARINO,,,,,,,,,
,,1999,ROBERT MARINO,,,,,,,,,
,,1999,ROBERT MARINO,,,,,,,,,
,,1999,ROBERT MARINO,,,,,,,,,
,,1999,ROBERT MARINO,,,,,,,,,
,,1999,ROBERT MARINO,,,,,,,,,
,,1999,ROBERT MARINO,,,,,,,,,
087,GSAPP_Exhibition-HousingStudios1974-2014_CompleteBooklet_Page_,1999,GRANT MARANI,,,,,,,./pages/GSAPP_Exhibition-HousingStudios1974-2014_CompleteBooklet_Page_087.jpg,,
,,1999,GRANT MARANI,,,,,,,,,
,,1999,GRANT MARANI,,,,,,,,,
,,1999,GRANT MARANI,,,,,,,,,
,,1999,GRANT MARANI,,,,,,,,,
,,1999,GRANT MARANI,,,,,,,,,
,,1999,GRANT MARANI,,,,,,,,,
,,1999,GRANT MARANI,,,,,,,,,
,,1999,GRANT MARANI,,,,,,,,,
088,GSAPP_Exhibition-HousingStudios1974-2014_CompleteBooklet_Page_,1999,SULAN KOLATAN,,,,,,,./pages/GSAPP_Exhibition-HousingStudios1974-2014_CompleteBooklet_Page_088.jpg,,
,,1999,SULAN KOLATAN,,,,,,,,,
,,1999,SULAN KOLATAN,,,,,,,,,
,,1999,SULAN KOLATAN,,,,,,,,,
,,1999,SULAN KOLATAN,,,,,,,,,
,,1999,SULAN KOLATAN,,,,,,,,,
,,1999,SULAN KOLATAN,,,,,,,,,
,,1999,SULAN KOLATAN,,,,,,,,,
,,1999,SULAN KOLATAN,,,,,,,,,
089,GSAPP_Exhibition-HousingStudios1974-2014_CompleteBooklet_Page_,1999,JONATHAN KIRSCHENFELD,,,,,,,./pages/GSAPP_Exhibition-HousingStudios1974-2014_CompleteBooklet_Page_089.jpg,,
,,1999,JONATHAN KIRSCHENFELD,,,,,,,,,
,,1999,JONATHAN KIRSCHENFELD,,,,,,,,,
,,1999,JONATHAN KIRSCHENFELD,,,,,,,,,
,,1999,JONATHAN KIRSCHENFELD,,,,,,,,,
,,1999,JONATHAN KIRSCHENFELD,,,,,,,,,
,,1999,JONATHAN KIRSCHENFELD,,,,,,,,,
,,1999,JONATHAN KIRSCHENFELD,,,,,,,,,
,,1999,JONATHAN KIRSCHENFELD,,,,,,,,,
092,GSAPP_Exhibition-HousingStudios1974-2014_CompleteBooklet_Page_,2000,KARLA MARIA ROTHSTEIN,,HUDSON YARDS,MANHATTAN,,,,./pages/GSAPP_Exhibition-HousingStudios1974-2014_CompleteBooklet_Page_092.jpg,,
,,2000,KARLA MARIA ROTHSTEIN,,,,,,,,,
,,2000,KARLA MARIA ROTHSTEIN,,,,,,,,,
,,2000,KARLA MARIA ROTHSTEIN,,,,,,,,,
,,2000,KARLA MARIA ROTHSTEIN,,,,,,,,,
,,2000,KARLA MARIA ROTHSTEIN,,,,,,,,,
,,2000,KARLA MARIA ROTHSTEIN,,,,,,,,,
,,2000,KARLA MARIA ROTHSTEIN,,,,,,,,,
,,2000,KARLA MARIA ROTHSTEIN,,,,,,,,,
,,2000,KARLA MARIA ROTHSTEIN,,,,,,,,,
093,GSAPP_Exhibition-HousingStudios1974-2014_CompleteBooklet_Page_,2000,ROBERT MARINO,,HUDSON YARDS,MANHATTAN,,,,./pages/GSAPP_Exhibition-HousingStudios1974-2014_CompleteBooklet_Page_093.jpg,,
,,2000,ROBERT MARINO,,,,,,,,,
,,2000,ROBERT MARINO,,,,,,,,,
,,2000,ROBERT MARINO,,,,,,,,,
,,2000,ROBERT MARINO,,,,,,,,,
,,2000,ROBERT MARINO,,,,,,,,,
,,2000,ROBERT MARINO,,,,,,,,,
,,2000,ROBERT MARINO,,,,,,,,,
,,2000,ROBERT MARINO,,,,,,,,,
,,2000,ROBERT MARINO,,,,,,,,,
094,GSAPP_Exhibition-HousingStudios1974-2014_CompleteBooklet_Page_,2000,CHARLES ELDRED,,HUDSON YARDS,MANHATTAN,,,,./pages/GSAPP_Exhibition-HousingStudios1974-2014_CompleteBooklet_Page_094.jpg,,
,,2000,CHARLES ELDRED,,,,,,,,,
,,2000,CHARLES ELDRED,,,,,,,,,
,,2000,CHARLES ELDRED,,,,,,,,,
,,2000,CHARLES ELDRED,,,,,,,,,
,,2000,CHARLES ELDRED,,,,,,,,,
,,2000,CHARLES ELDRED,,,,,,,,,
,,2000,CHARLES ELDRED,,,,,,,,,
,,2000,CHARLES ELDRED,,,,,,,,,
,,2000,CHARLES ELDRED,,,,,,,,,
095,GSAPP_Exhibition-HousingStudios1974-2014_CompleteBooklet_Page_,2000,MICHAEL BELL,,HUDSON YARDS,MANHATTAN,,,,./pages/GSAPP_Exhibition-HousingStudios1974-2014_CompleteBooklet_Page_095.jpg,,
,,2000,MICHAEL BELL,,,,,,,,,
,,2000,MICHAEL BELL,,,,,,,,,
,,2000,MICHAEL BELL,,,,,,,,,
,,2000,MICHAEL BELL,,,,,,,,,
,,2000,MICHAEL BELL,,,,,,,,,
,,2000,MICHAEL BELL,,,,,,,,,
,,2000,MICHAEL BELL,,,,,,,,,
,,2000,MICHAEL BELL,,,,,,,,,
,,2000,MICHAEL BELL,,,,,,,,,
096,GSAPP_Exhibition-HousingStudios1974-2014_CompleteBooklet_Page_,2001,ROBERT MARINO,,FAR ROCKAWAY,QUEENS,"FAR ROCKAWAY, QUEENS",40.5998931,-73.7448437,./pages/GSAPP_Exhibition-HousingStudios1974-2014_CompleteBooklet_Page_096.jpg,,
,,2001,ROBERT MARINO,,,,,,,,,
,,2001,ROBERT MARINO,,,,,,,,,
,,2001,ROBERT MARINO,,,,,,,,,
,,2001,ROBERT MARINO,,,,,,,,,
,,2001,ROBERT MARINO,,,,,,,,,
,,2001,ROBERT MARINO,,,,,,,,,
,,2001,ROBERT MARINO,,,,,,,,,
,,2001,ROBERT MARINO,,,,,,,,,
,,2001,ROBERT MARINO,,,,,,,,,
097,GSAPP_Exhibition-HousingStudios1974-2014_CompleteBooklet_Page_,2001,MARIO GOODEN & CHARLES ELDRED,,FAR ROCKAWAY,QUEENS,"FAR ROCKAWAY, QUEENS",40.5998931,-73.7448437,./pages/GSAPP_Exhibition-HousingStudios1974-2014_CompleteBooklet_Page_097.jpg,,
,,2001,MARIO GOODEN & CHARLES ELDRED,,,,,,,,,
,,2001,MARIO GOODEN & CHARLES ELDRED,,,,,,,,,
,,2001,MARIO GOODEN & CHARLES ELDRED,,,,,,,,,
,,2001,MARIO GOODEN & CHARLES ELDRED,,,,,,,,,
,,2001,MARIO GOODEN & CHARLES ELDRED,,,,,,,,,
,,2001,MARIO GOODEN & CHARLES ELDRED,,,,,,,,,
,,2001,MARIO GOODEN & CHARLES ELDRED,,,,,,,,,
,,2001,MARIO GOODEN & CHARLES ELDRED,,,,,,,,,
,,2001,MARIO GOODEN & CHARLES ELDRED,,,,,,,,,
098,GSAPP_Exhibition-HousingStudios1974-2014_CompleteBooklet_Page_,2001,KATHRYN DEAN,,FAR ROCKAWAY,QUEENS,"FAR ROCKAWAY, QUEENS",40.5998931,-73.7448437,./pages/GSAPP_Exhibition-HousingStudios1974-2014_CompleteBooklet_Page_098.jpg,,
,,2001,KATHRYN DEAN,,,,,,,,,
,,2001,KATHRYN DEAN,,,,,,,,,
,,2001,KATHRYN DEAN,,,,,,,,,
,,2001,KATHRYN DEAN,,,,,,,,,
,,2001,KATHRYN DEAN,,,,,,,,,
,,2001,KATHRYN DEAN,,,,,,,,,
,,2001,KATHRYN DEAN,,,,,,,,,
,,2001,KATHRYN DEAN,,,,,,,,,
,,2001,KATHRYN DEAN,,,,,,,,,
099,GSAPP_Exhibition-HousingStudios1974-2014_CompleteBooklet_Page_,2001,MICHAEL BELL,,FAR ROCKAWAY,QUEENS,"FAR ROCKAWAY, QUEENS",40.5998931,-73.7448437,./pages/GSAPP_Exhibition-HousingStudios1974-2014_CompleteBooklet_Page_099.jpg,,
,,2001,MICHAEL BELL,,,,,,,,,
,,2001,MICHAEL BELL,,,,,,,,,
,,2001,MICHAEL BELL,,,,,,,,,
,,2001,MICHAEL BELL,,,,,,,,,
,,2001,MICHAEL BELL,,,,,,,,,
,,2001,MICHAEL BELL,,,,,,,,,
,,2001,MICHAEL BELL,,,,,,,,,
,,2001,MICHAEL BELL,,,,,,,,,
,,2001,MICHAEL BELL,,,,,,,,,
100,GSAPP_Exhibition-HousingStudios1974-2014_CompleteBooklet_Page_,2002,SCOTT MARBLE,,BOWERY,MANHATTAN,"BOWERY, MANHATTAN",40.725257,-73.9903489,./pages/GSAPP_Exhibition-HousingStudios1974-2014_CompleteBooklet_Page_100.jpg,,
,,2002,SCOTT MARBLE,,,,,,,,,
,,2002,SCOTT MARBLE,,,,,,,,,
,,2002,SCOTT MARBLE,,,,,,,,,
,,2002,SCOTT MARBLE,,,,,,,,,
,,2002,SCOTT MARBLE,,,,,,,,,
,,2002,SCOTT MARBLE,,,,,,,,,
,,2002,SCOTT MARBLE,,,,,,,,,
,,2002,SCOTT MARBLE,,,,,,,,,
,,2002,SCOTT MARBLE,,,,,,,,,
101,GSAPP_Exhibition-HousingStudios1974-2014_CompleteBooklet_Page_,2002,KARLA MARIA ROTHSTEIN,,BOWERY,MANHATTAN,"BOWERY, MANHATTAN",40.725257,-73.9903489,./pages/GSAPP_Exhibition-HousingStudios1974-2014_CompleteBooklet_Page_101.jpg,,
,,2002,KARLA MARIA ROTHSTEIN,,,,,,,,,
,,2002,KARLA MARIA ROTHSTEIN,,,,,,,,,
,,2002,KARLA MARIA ROTHSTEIN,,,,,,,,,
,,2002,KARLA MARIA ROTHSTEIN,,,,,,,,,
,,2002,KARLA MARIA ROTHSTEIN,,,,,,,,,
,,2002,KARLA MARIA ROTHSTEIN,,,,,,,,,
,,2002,KARLA MARIA ROTHSTEIN,,,,,,,,,
,,2002,KARLA MARIA ROTHSTEIN,,,,,,,,,
,,2002,KARLA MARIA ROTHSTEIN,,,,,,,,,
102,GSAPP_Exhibition-HousingStudios1974-2014_CompleteBooklet_Page_,2002,YOSHIKI SATO,,BOWERY,MANHATTAN,"BOWERY, MANHATTAN",40.725257,-73.9903489,./pages/GSAPP_Exhibition-HousingStudios1974-2014_CompleteBooklet_Page_102.jpg,,
,,2002,YOSHIKI SATO,,,,,,,,,
,,2002,YOSHIKI SATO,,,,,,,,,
,,2002,YOSHIKI SATO,,,,,,,,,
,,2002,YOSHIKI SATO,,,,,,,,,
,,2002,YOSHIKI SATO,,,,,,,,,
,,2002,YOSHIKI SATO,,,,,,,,,
,,2002,YOSHIKI SATO,,,,,,,,,
,,2002,YOSHIKI SATO,,,,,,,,,
,,2002,YOSHIKI SATO,,,,,,,,,
103,GSAPP_Exhibition-HousingStudios1974-2014_CompleteBooklet_Page_,2002,CHARLES ELDRED & MARIO GOODEN,,BOWERY,MANHATTAN,"BOWERY, MANHATTAN",40.725257,-73.9903489,./pages/GSAPP_Exhibition-HousingStudios1974-2014_CompleteBooklet_Page_103.jpg,,
,,2002,CHARLES ELDRED & MARIO GOODEN,,,,,,,,,
,,2002,CHARLES ELDRED & MARIO GOODEN,,,,,,,,,
,,2002,CHARLES ELDRED & MARIO GOODEN,,,,,,,,,
,,2002,CHARLES ELDRED & MARIO GOODEN,,,,,,,,,
,,2002,CHARLES ELDRED & MARIO GOODEN,,,,,,,,,
,,2002,CHARLES ELDRED & MARIO GOODEN,,,,,,,,,
,,2002,CHARLES ELDRED & MARIO GOODEN,,,,,,,,,
,,2002,CHARLES ELDRED & MARIO GOODEN,,,,,,,,,
,,2002,CHARLES ELDRED & MARIO GOODEN,,,,,,,,,
104,GSAPP_Exhibition-HousingStudios1974-2014_CompleteBooklet_Page_,2003,SULAN KOLATAN & GREGORY OKSHTEYN,,LOWER EAST SIDE,MANHATTAN,"LOWER EAST SIDE, MANHATTAN",40.715033,-73.9842724,./pages/GSAPP_Exhibition-HousingStudios1974-2014_CompleteBooklet_Page_104.jpg,,
,,2003,SULAN KOLATAN & GREGORY OKSHTEYN,,,,,,,,,
,,2003,SULAN KOLATAN & GREGORY OKSHTEYN,,,,,,,,,
,,2003,SULAN KOLATAN & GREGORY OKSHTEYN,,,,,,,,,
,,2003,SULAN KOLATAN & GREGORY OKSHTEYN,,,,,,,,,
,,2003,SULAN KOLATAN & GREGORY OKSHTEYN,,,,,,,,,
,,2003,SULAN KOLATAN & GREGORY OKSHTEYN,,,,,,,,,
,,2003,SULAN KOLATAN & GREGORY OKSHTEYN,,,,,,,,,
,,2003,SULAN KOLATAN & GREGORY OKSHTEYN,,,,,,,,,
,,2003,SULAN KOLATAN & GREGORY OKSHTEYN,,,,,,,,,
105,GSAPP_Exhibition-HousingStudios1974-2014_CompleteBooklet_Page_,2003,CRAIG KONYK,,LOWER EAST SIDE,MANHATTAN,"LOWER EAST SIDE, MANHATTAN",40.715033,-73.9842724,./pages/GSAPP_Exhibition-HousingStudios1974-2014_CompleteBooklet_Page_105.jpg,,
,,2003,CRAIG KONYK,,,,,,,,,
,,2003,CRAIG KONYK,,,,,,,,,
,,2003,CRAIG KONYK,,,,,,,,,
,,2003,CRAIG KONYK,,,,,,,,,
,,2003,CRAIG KONYK,,,,,,,,,
,,2003,CRAIG KONYK,,,,,,,,,
,,2003,CRAIG KONYK,,,,,,,,,
,,2003,CRAIG KONYK,,,,,,,,,
,,2003,CRAIG KONYK,,,,,,,,,
106,GSAPP_Exhibition-HousingStudios1974-2014_CompleteBooklet_Page_,2003,KARLA ROTHSTEIN WITH AHM CHANDAWANISH & SUNG KIM,,LOWER EAST SIDE,MANHATTAN,"LOWER EAST SIDE, MANHATTAN",40.715033,-73.9842724,./pages/GSAPP_Exhibition-HousingStudios1974-2014_CompleteBooklet_Page_106.jpg,,
,,2003,KARLA ROTHSTEIN WITH AHM CHANDAWANISH & SUNG KIM,,,,,,,,,
,,2003,KARLA ROTHSTEIN WITH AHM CHANDAWANISH & SUNG KIM,,,,,,,,,
,,2003,KARLA ROTHSTEIN WITH AHM CHANDAWANISH & SUNG KIM,,,,,,,,,
,,2003,KARLA ROTHSTEIN WITH AHM CHANDAWANISH & SUNG KIM,,,,,,,,,
,,2003,KARLA ROTHSTEIN WITH AHM CHANDAWANISH & SUNG KIM,,,,,,,,,
,,2003,KARLA ROTHSTEIN WITH AHM CHANDAWANISH & SUNG KIM,,,,,,,,,
,,2003,KARLA ROTHSTEIN WITH AHM CHANDAWANISH & SUNG KIM,,,,,,,,,
,,2003,KARLA ROTHSTEIN WITH AHM CHANDAWANISH & SUNG KIM,,,,,,,,,
,,2003,KARLA ROTHSTEIN WITH AHM CHANDAWANISH & SUNG KIM,,,,,,,,,
107,GSAPP_Exhibition-HousingStudios1974-2014_CompleteBooklet_Page_,2003,YOSHIKI SATO,,LOWER EAST SIDE,MANHATTAN,"LOWER EAST SIDE, MANHATTAN",40.715033,-73.9842724,./pages/GSAPP_Exhibition-HousingStudios1974-2014_CompleteBooklet_Page_107.jpg,,
,,2003,YOSHIKI SATO,,,,,,,,,
,,2003,YOSHIKI SATO,,,,,,,,,
,,2003,YOSHIKI SATO,,,,,,,,,
,,2003,YOSHIKI SATO,,,,,,,,,
,,2003,YOSHIKI SATO,,,,,,,,,
,,2003,YOSHIKI SATO,,,,,,,,,
,,2003,YOSHIKI SATO,,,,,,,,,
,,2003,YOSHIKI SATO,,,,,,,,,
,,2003,YOSHIKI SATO,,,,,,,,,
108,GSAPP_Exhibition-HousingStudios1974-2014_CompleteBooklet_Page_,2004,SCOTT MARBLE WITH CORY CLARKE,ODIT FEINBLUM & RODRIGO PRIETO,HUDSON YARDS,MANHATTAN,,,,./pages/GSAPP_Exhibition-HousingStudios1974-2014_CompleteBooklet_Page_108.jpg,,
109,GSAPP_Exhibition-HousingStudios1974-2014_CompleteBooklet_Page_,2004,ANA MILJACKI,BENNET HU & CAROLYN MATSUMOTO,HUDSON YARDS,MANHATTAN,,,,./pages/GSAPP_Exhibition-HousingStudios1974-2014_CompleteBooklet_Page_109.jpg,,
110,GSAPP_Exhibition-HousingStudios1974-2014_CompleteBooklet_Page_,2004,KARLA ROTHSTEIN WITH ADAM DAYEM,KATRIK DESAI & TORU HASEGAWA,HUDSON YARDS,MANHATTAN,,,,./pages/GSAPP_Exhibition-HousingStudios1974-2014_CompleteBooklet_Page_110.jpg,,
111,GSAPP_Exhibition-HousingStudios1974-2014_CompleteBooklet_Page_,2004,DAVID TURNBULL,DAINA MARTINEZ & DONG-PING WONG,HUDSON YARDS,MANHATTAN,,,,./pages/GSAPP_Exhibition-HousingStudios1974-2014_CompleteBooklet_Page_111.jpg,,
112,GSAPP_Exhibition-HousingStudios1974-2014_CompleteBooklet_Page_,2005,MICHAEL BELL,EVAN ALLEN & EVAN ERLEBACHER,,,,,,./pages/GSAPP_Exhibition-HousingStudios1974-2014_CompleteBooklet_Page_112.jpg,,
113,GSAPP_Exhibition-HousingStudios1974-2014_CompleteBooklet_Page_,2005,ANA MILJACKI,GEORGE AGNEW & BENJAMIN PORTO,,,,,,./pages/GSAPP_Exhibition-HousingStudios1974-2014_CompleteBooklet_Page_113.jpg,,
114,GSAPP_Exhibition-HousingStudios1974-2014_CompleteBooklet_Page_,2005,OLIVER TOURAINE,SEAN ERICKSON & MATTHEW STOFEN,,,,,,./pages/GSAPP_Exhibition-HousingStudios1974-2014_CompleteBooklet_Page_114.jpg,,"PARAMETRIC, FORM, MIXED-USE"
115,GSAPP_Exhibition-HousingStudios1974-2014_CompleteBooklet_Page_,2005,DAVID TURNBULL WITH JOHN MORRISON,CHRIS KRONER & SWATI SALGAOCAR,BROWNSVILLE,BROOKLYN,,,,./pages/GSAPP_Exhibition-HousingStudios1974-2014_CompleteBooklet_Page_115.jpg,,
116,GSAPP_Exhibition-HousingStudios1974-2014_CompleteBooklet_Page_,2006,MICHAEL BELL,KYUSEON HONG & DONGSUK LEE,QUEENS ,QUEENS,,,,./pages/GSAPP_Exhibition-HousingStudios1974-2014_CompleteBooklet_Page_116.jpg,,
117,GSAPP_Exhibition-HousingStudios1974-2014_CompleteBooklet_Page_,2006,ADA TOLLA & GIUSEPPE LIGNANO WITH THOMAS DE MONCHEAUX ,MARK GREEN & RICHARD MOORE,,,,,,./pages/GSAPP_Exhibition-HousingStudios1974-2014_CompleteBooklet_Page_117.jpg,,INFRASTRUCTURE
118,GSAPP_Exhibition-HousingStudios1974-2014_CompleteBooklet_Page_,2006,SCOTT MARBLE WITH ADAM MARCUS & KEITH KASEMAN,MARK BEARAK & DORA KELLE,,,,,,./pages/GSAPP_Exhibition-HousingStudios1974-2014_CompleteBooklet_Page_118.jpg,,"DIGIFAB, MODULAR, PARAMETRIC"
119,GSAPP_Exhibition-HousingStudios1974-2014_CompleteBooklet_Page_,2006,KARLA ROTHSTEIN WITH DIANA MARTINEZ,JI YOUNG KIM & YEA HWA KIM,,,,,,./pages/GSAPP_Exhibition-HousingStudios1974-2014_CompleteBooklet_Page_119.jpg,,
120,GSAPP_Exhibition-HousingStudios1974-2014_CompleteBooklet_Page_,2006,DAVID TURNBULL,HARRISON BLAIR & JULIE PENG,,,,,,./pages/GSAPP_Exhibition-HousingStudios1974-2014_CompleteBooklet_Page_120.jpg,,DENSITY
121,GSAPP_Exhibition-HousingStudios1974-2014_CompleteBooklet_Page_,2007,MICHAEL BELL WITH WILLIAM ARBIZU,DANIEL KIDD & JON TURKULA,,,,,,./pages/GSAPP_Exhibition-HousingStudios1974-2014_CompleteBooklet_Page_121.jpg,,
122,GSAPP_Exhibition-HousingStudios1974-2014_CompleteBooklet_Page_,2007,LAURA KURGAN,GRETA HANSEN & KYUNG JAE KIM,,,,,,./pages/GSAPP_Exhibition-HousingStudios1974-2014_CompleteBooklet_Page_122.jpg,,
123,GSAPP_Exhibition-HousingStudios1974-2014_CompleteBooklet_Page_,2007,ADA TOLLA & GIUSEPPE LIGNANO WITH THOMAS DE MONCHEAUX ,JEE-HYE KIM & ANDREW MCDOWELL,,,,,,./pages/GSAPP_Exhibition-HousingStudios1974-2014_CompleteBooklet_Page_123.jpg,,
124,GSAPP_Exhibition-HousingStudios1974-2014_CompleteBooklet_Page_,2007,ANA MILJACKI,CHRISTOPHER BARLEY & TROY THERRIEN,,,,,,./pages/GSAPP_Exhibition-HousingStudios1974-2014_CompleteBooklet_Page_124.jpg,,
125,GSAPP_Exhibition-HousingStudios1974-2014_CompleteBooklet_Page_,2007,DAVID TURNBULL,RYCHIEE ESPINOSA & CHRISTIAN RUDD,,,,,,./pages/GSAPP_Exhibition-HousingStudios1974-2014_CompleteBooklet_Page_125.jpg,,
126,GSAPP_Exhibition-HousingStudios1974-2014_CompleteBooklet_Page_,2008,MICHAEL BELL & BRIAN LOUGHLIN,HYNCHANG CHO & HAYES SHAIR,,,,,,./pages/GSAPP_Exhibition-HousingStudios1974-2014_CompleteBooklet_Page_126.jpg,,
127,GSAPP_Exhibition-HousingStudios1974-2014_CompleteBooklet_Page_,2008,FREDERIC LEVRAT,DANIL NAGY & LUCAS DECKINGA ,JERSEY CITY,NEW JERSEY,,,,./pages/GSAPP_Exhibition-HousingStudios1974-2014_CompleteBooklet_Page_127.jpg,,
128,GSAPP_Exhibition-HousingStudios1974-2014_CompleteBooklet_Page_,2008,ADA TOLLA & GIUSEPPE LIGNANO WITH THOMAS DE MONCHEAUX ,RUTH MANDL & ERIC TSE,,,,,,./pages/GSAPP_Exhibition-HousingStudios1974-2014_CompleteBooklet_Page_128.jpg,,INFRASTRUCTURE
129,GSAPP_Exhibition-HousingStudios1974-2014_CompleteBooklet_Page_,2008,SCOTT MARBLE WITH STEVE SANDERSON,JUNHEE JUNG & WAYNE CONGAR,,,,,,./pages/GSAPP_Exhibition-HousingStudios1974-2014_CompleteBooklet_Page_129.jpg,,DIGITAL
130,GSAPP_Exhibition-HousingStudios1974-2014_CompleteBooklet_Page_,2008,ROBERT MARINO,CAMILLA LANCASTER & WON SHOK LEE,,,,,,./pages/GSAPP_Exhibition-HousingStudios1974-2014_CompleteBooklet_Page_130.jpg,,
131,GSAPP_Exhibition-HousingStudios1974-2014_CompleteBooklet_Page_,2008,KARLA ROTHSTEIN,CHRISTO LOGAN & PETER MORGAN,,,,,,./pages/GSAPP_Exhibition-HousingStudios1974-2014_CompleteBooklet_Page_131.jpg,,
132,GSAPP_Exhibition-HousingStudios1974-2014_CompleteBooklet_Page_,2009,CHARLES ELDRED,LEIGH SALEM & LOUIS KOEHL,HUNTERS POINT,QUEENS,,,,./pages/GSAPP_Exhibition-HousingStudios1974-2014_CompleteBooklet_Page_132.jpg,,FINANCE
133,GSAPP_Exhibition-HousingStudios1974-2014_CompleteBooklet_Page_,2009,LAURA KURGAN WITH TERRI CHIAO,MUCHAN PARK & LUC WILSON,HUNTERS POINT,QUEENS,,,,./pages/GSAPP_Exhibition-HousingStudios1974-2014_CompleteBooklet_Page_133.jpg,,POLITICS
134,GSAPP_Exhibition-HousingStudios1974-2014_CompleteBooklet_Page_,2009,FREDERIC LEVRAT,VINCE MILLER & PETER ADAMS,HUNTERS POINT,QUEENS,,,,./pages/GSAPP_Exhibition-HousingStudios1974-2014_CompleteBooklet_Page_134.jpg,,
135,GSAPP_Exhibition-HousingStudios1974-2014_CompleteBooklet_Page_,2009,SCOTT MARBLE & ROBERT BOOTH WITH WILL CORCORAN,ANNA STORK & STARR LAW,HUNTERS POINT,QUEENS,,,,./pages/GSAPP_Exhibition-HousingStudios1974-2014_CompleteBooklet_Page_135.jpg,,DIGITAL
136,GSAPP_Exhibition-HousingStudios1974-2014_CompleteBooklet_Page_,2009,ROBERT MARINO,KOOHO JUNG & BRENDAN SULLIVAN,HUNTERS POINT ,QUEENS,,,,./pages/GSAPP_Exhibition-HousingStudios1974-2014_CompleteBooklet_Page_136.jpg,,
137,GSAPP_Exhibition-HousingStudios1974-2014_CompleteBooklet_Page_,2009,KARLA ROTHSTEIN WITH JEN PRESTON,DALIA HAMATI & KRISTEN MUNRO,HUNTERS POINT ,QUEENS,,,,./pages/GSAPP_Exhibition-HousingStudios1974-2014_CompleteBooklet_Page_137.jpg,,
138,GSAPP_Exhibition-HousingStudios1974-2014_CompleteBooklet_Page_,2010,MICHAEL BELL,NICOLE KOTSIS & BYEONGIL LEE,,,,,,./pages/GSAPP_Exhibition-HousingStudios1974-2014_CompleteBooklet_Page_138.jpg,,INFRASTRUCTURE
139,GSAPP_Exhibition-HousingStudios1974-2014_CompleteBooklet_Page_,2010,LAURA KURGAN WITH TERRI CHIAO,KYLE HOVENKOTTER & TREVOR LAMPHIER,,,,,,./pages/GSAPP_Exhibition-HousingStudios1974-2014_CompleteBooklet_Page_139.jpg,,FINANCE
140,GSAPP_Exhibition-HousingStudios1974-2014_CompleteBooklet_Page_,2010,ADA TOLLA & GIUSEPPE LIGNANO WITH THOMAS DE MONCHEAUX ,JUAN SALDARRIAGA & AARON BERMAN,,,,,,./pages/GSAPP_Exhibition-HousingStudios1974-2014_CompleteBooklet_Page_140.jpg,,
141,GSAPP_Exhibition-HousingStudios1974-2014_CompleteBooklet_Page_,2010,ROBERT MARINO ,BENJAMIN BRICHTA & RUBAH MUSVEE,,,,,,./pages/GSAPP_Exhibition-HousingStudios1974-2014_CompleteBooklet_Page_141.jpg,,INFRASTRUCTURE
142,GSAPP_Exhibition-HousingStudios1974-2014_CompleteBooklet_Page_,2010,KARLA ROTHSTEIN,MICHAELA METCALFE & TOM MCKEOGH,,,,,,./pages/GSAPP_Exhibition-HousingStudios1974-2014_CompleteBooklet_Page_142.jpg,,
143,GSAPP_Exhibition-HousingStudios1974-2014_CompleteBooklet_Page_,2010,SOO-IN YANG,JOE JUSTUS & BRYCE SUITE,,,,,,./pages/GSAPP_Exhibition-HousingStudios1974-2014_CompleteBooklet_Page_143.jpg,,
146,GSAPP_Exhibition-HousingStudios1974-2014_CompleteBooklet_Page_,2011,CHARLES ELDRED,AMY MARESKO & COURTNEY HUNT,EAST HARLEM,MANHATTAN,,,,./pages/GSAPP_Exhibition-HousingStudios1974-2014_CompleteBooklet_Page_146.jpg,,
147,GSAPP_Exhibition-HousingStudios1974-2014_CompleteBooklet_Page_,2011,DOUGLAS GAUTHIER,THOMAS HELTZEL & MIA ZINNI,EAST HARLEM,MANHATTAN,,,,./pages/GSAPP_Exhibition-HousingStudios1974-2014_CompleteBooklet_Page_147.jpg,,
148,GSAPP_Exhibition-HousingStudios1974-2014_CompleteBooklet_Page_,2011,JEFFREY JOHNSON ,YVONNE-DEMITRA KONSTANTINIDIS & NICHOLAS M. REITER,EAST HARLEM,MANHATTAN,,,,./pages/GSAPP_Exhibition-HousingStudios1974-2014_CompleteBooklet_Page_148.jpg,,
149,GSAPP_Exhibition-HousingStudios1974-2014_CompleteBooklet_Page_,2011,LAURA KURGAN WITH MUCHAN PARK & LUC WILSON,HEIDI WERNER & JOHN BARRETT,EAST HARLEM,MANHATTAN,,,,./pages/GSAPP_Exhibition-HousingStudios1974-2014_CompleteBooklet_Page_149.jpg,,
150,GSAPP_Exhibition-HousingStudios1974-2014_CompleteBooklet_Page_,2011,ADA TOLLA & GIUSEPPE LIGNANO WITH THOMAS DE MONCHEAUX ,MICHELLE O. CARROLL & REBECCA COSTANZO,EAST HARLEM,MANHATTAN,,,,./pages/GSAPP_Exhibition-HousingStudios1974-2014_CompleteBooklet_Page_150.jpg,,
151,GSAPP_Exhibition-HousingStudios1974-2014_CompleteBooklet_Page_,2011,ROBERT MARINO,AYESHA HUSAIN & JOSEPH BRENNAN,EAST HARLEM,MANHATTAN,,,,./pages/GSAPP_Exhibition-HousingStudios1974-2014_CompleteBooklet_Page_151.jpg,,
152,GSAPP_Exhibition-HousingStudios1974-2014_CompleteBooklet_Page_,2012,CHARLES ELDRED,RAY WANG & TALENE MONTGOMERY,EAST HARLEM,MANHATTAN,,,,./pages/GSAPP_Exhibition-HousingStudios1974-2014_CompleteBooklet_Page_152.jpg,,
153,GSAPP_Exhibition-HousingStudios1974-2014_CompleteBooklet_Page_,2012,DOUGLAS GAUTHIER WITH SYDNEY TAICOTT,VAHE MARKOSIAN & TIANHUI SHEN,EAST HARLEM,MANHATTAN,,,,./pages/GSAPP_Exhibition-HousingStudios1974-2014_CompleteBooklet_Page_153.jpg,,
154,GSAPP_Exhibition-HousingStudios1974-2014_CompleteBooklet_Page_,2012,JEFFREY JOHNSON ,"BLESS YEE, MILES FUJIKI & JOSE CRUZ",EAST HARLEM,MANHATTAN,,,,./pages/GSAPP_Exhibition-HousingStudios1974-2014_CompleteBooklet_Page_154.jpg,,
155,GSAPP_Exhibition-HousingStudios1974-2014_CompleteBooklet_Page_,2012,BRIAN PATRICK LOUGHLIN,ARKADIUSZ PIEGDON & KEVIN CERVANTES,EAST HARLEM,MANHATTAN,,,,./pages/GSAPP_Exhibition-HousingStudios1974-2014_CompleteBooklet_Page_155.jpg,,
156,GSAPP_Exhibition-HousingStudios1974-2014_CompleteBooklet_Page_,2012,LINDY ROY,JEREMY KIM & YASMINA KHAN,EAST HARLEM,MANHATTAN,,,,./pages/GSAPP_Exhibition-HousingStudios1974-2014_CompleteBooklet_Page_156.jpg,,
157,GSAPP_Exhibition-HousingStudios1974-2014_CompleteBooklet_Page_,2012,HILARY SAMPLE WITH SYDNEY TALCOTT,CINDY SHIHHSIN HWANG & NATASHA AMLADI,EAST HARLEM,MANHATTAN,,,,./pages/GSAPP_Exhibition-HousingStudios1974-2014_CompleteBooklet_Page_157.jpg,,
158,GSAPP_Exhibition-HousingStudios1974-2014_CompleteBooklet_Page_,2012,SCOTT DUNCAN WITH RYAN CULLIGAN,JUAN PABLO AZARES & EBBERLY STRATHAIRN,EAST HARLEM,MANHATTAN,,,,./pages/GSAPP_Exhibition-HousingStudios1974-2014_CompleteBooklet_Page_158.jpg,,
159,GSAPP_Exhibition-HousingStudios1974-2014_CompleteBooklet_Page_,2013,ERIC BUNGE WITH AMMR VANDAL,GAWON SHIN & QUILI QU,EAST HARLEM,MANHATTAN,,,,./pages/GSAPP_Exhibition-HousingStudios1974-2014_CompleteBooklet_Page_159.jpg,,
160,GSAPP_Exhibition-HousingStudios1974-2014_CompleteBooklet_Page_,2013,CHARLES ELDRED,LORENZO VILLAGGI & CARLO BAILEY,EAST HARLEM,MANHATTAN,,,,./pages/GSAPP_Exhibition-HousingStudios1974-2014_CompleteBooklet_Page_160.jpg,,
161,GSAPP_Exhibition-HousingStudios1974-2014_CompleteBooklet_Page_,2013,DOUGLAS GAUTHIER,HO-GYUM KIM & MIMI HO & LOUIS JIN,EAST HARLEM,MANHATTAN,,,,./pages/GSAPP_Exhibition-HousingStudios1974-2014_CompleteBooklet_Page_161.jpg,,
162,GSAPP_Exhibition-HousingStudios1974-2014_CompleteBooklet_Page_,2013,MARIO GOODEN WITH CARSON SMUTS,IVY HUME & SIAOXI CHEN LAURENT,EAST HARLEM,MANHATTAN,,,,./pages/GSAPP_Exhibition-HousingStudios1974-2014_CompleteBooklet_Page_162.jpg,,
163,GSAPP_Exhibition-HousingStudios1974-2014_CompleteBooklet_Page_,2013,ADA TOLLA & GIUSEPPE LIGNANO WITH THOMAS DE MONCHEAUX ,RICARDO VEGA & LISBETH MORA,EAST HARLEM,MANHATTAN,,,,./pages/GSAPP_Exhibition-HousingStudios1974-2014_CompleteBooklet_Page_163.jpg,,
164,GSAPP_Exhibition-HousingStudios1974-2014_CompleteBooklet_Page_,2013,HILARY SAMPLE WITH RICHARD DUFF,WADE COTTON & ISABELLE KIRKHAM,EAST HARLEM,MANHATTAN,,,,./pages/GSAPP_Exhibition-HousingStudios1974-2014_CompleteBooklet_Page_164.jpg,,
165,GSAPP_Exhibition-HousingStudios1974-2014_CompleteBooklet_Page_,2013,RAFI SEGAL,SEUK HOON KIM & MYUNG JAE LEE,EAST HARLEM,MANHATTAN,,,,./pages/GSAPP_Exhibition-HousingStudios1974-2014_CompleteBooklet_Page_165.jpg,,
166,GSAPP_Exhibition-HousingStudios1974-2014_CompleteBooklet_Page_,2014,CHARLES ELDRED,CHRIS BOTHAM & ZEW MYAT,MOTT HAVEN,BRONX ,,,,./pages/GSAPP_Exhibition-HousingStudios1974-2014_CompleteBooklet_Page_166.jpg,,
167,GSAPP_Exhibition-HousingStudios1974-2014_CompleteBooklet_Page_,2014,DOUGLAS GAUTHIER,SOHEUN HAN & JOHN LEE,MOTT HAVEN,BRONX ,,,,./pages/GSAPP_Exhibition-HousingStudios1974-2014_CompleteBooklet_Page_167.jpg,,
168,GSAPP_Exhibition-HousingStudios1974-2014_CompleteBooklet_Page_,2014,MARIO GOODEN & CARSON SMUTS,HARRISON RATCLIFF & HARRISON NESBITT,MOTT HAVEN,BRONX ,,,,./pages/GSAPP_Exhibition-HousingStudios1974-2014_CompleteBooklet_Page_168.jpg,,
169,GSAPP_Exhibition-HousingStudios1974-2014_CompleteBooklet_Page_,2014,ADA TOLLA & GIUSEPPE LIGNANO WITH THOMAS DE MONCHEAUX ,JOANN FENG & REN WANG,MOTT HAVEN,BRONX ,,,,./pages/GSAPP_Exhibition-HousingStudios1974-2014_CompleteBooklet_Page_169.jpg,,
170,GSAPP_Exhibition-HousingStudios1974-2014_CompleteBooklet_Page_,2014,ROBERT MARINO,GALEN PARDEE & HUYNH HO,MOTT HAVEN,BRONX ,,,,./pages/GSAPP_Exhibition-HousingStudios1974-2014_CompleteBooklet_Page_170.jpg,,
171,GSAPP_Exhibition-HousingStudios1974-2014_CompleteBooklet_Page_,2014,HILARY SAMPLE,BENJAMIN HOCHBERG & BRENDAN PAUL VOGT,MOTT HAVEN,BRONX ,,,,./pages/GSAPP_Exhibition-HousingStudios1974-2014_CompleteBooklet_Page_171.jpg,,
172,GSAPP_Exhibition-HousingStudios1974-2014_CompleteBooklet_Page_,2014,SUSANNE SCHINDLER,BOYUAN JIANG & HANSONG CHO,MOTT HAVEN,BRONX ,,,,./pages/GSAPP_Exhibition-HousingStudios1974-2014_CompleteBooklet_Page_172.jpg,,
001,GSAPP_Website_,2015,,,SOUTH BRONX,BRONX ,,,,,,
002,,2015,,,SOUTH BRONX,BRONX ,,,,,,
003,,2015,,,SOUTH BRONX,BRONX ,,,,,,
004,,2015,,,SOUTH BRONX,BRONX ,,,,,,
005,,2015,,,SOUTH BRONX,BRONX ,,,,,,
006,,2015,,,SOUTH BRONX,BRONX ,,,,,,
007,,2015,,,SOUTH BRONX,BRONX ,,,,,,
008,,2015,,,SOUTH BRONX,BRONX ,,,,,,
009,,2016,,,SOUTH BRONX,BRONX ,,,,,,
010,,2016,,,SOUTH BRONX,BRONX ,,,,,,
011,,2016,,,SOUTH BRONX,BRONX ,,,,,,
012,,2016,,,SOUTH BRONX,BRONX ,,,,,,
013,,2016,,,SOUTH BRONX,BRONX ,,,,,,
014,,2016,,,SOUTH BRONX,BRONX ,,,,,,
015,,2016,,,SOUTH BRONX,BRONX ,,,,,,
016,,2017,,,SOUTH BRONX,BRONX ,,,,,,
017,,2017,,,SOUTH BRONX,BRONX ,,,,,,
018,,2017,,,SOUTH BRONX,BRONX ,,,,,,
019,,2017,,,SOUTH BRONX,BRONX ,,,,,,
020,,2017,,,SOUTH BRONX,BRONX ,,,,,,
021,,2017,,,SOUTH BRONX,BRONX ,,,,,,
022,,2017,,,SOUTH BRONX,BRONX ,,,,,,
023,,2017,,,SOUTH BRONX,BRONX ,,,,,,
024,,2018,,,SOUTH BRONX,BRONX ,,,,,,
025,,2018,,,SOUTH BRONX,BRONX ,,,,,,
026,,2018,,,SOUTH BRONX,BRONX ,,,,,,
027,,2018,,,SOUTH BRONX,BRONX ,,,,,,
028,,2018,,,SOUTH BRONX,BRONX ,,,,,,
029,,2018,,,SOUTH BRONX,BRONX ,,,,,,
030,,2018,,,SOUTH BRONX,BRONX ,,,,,,
031,,2018,,,SOUTH BRONX,BRONX ,,,,,,
032,,2019,,,MELROSE,BRONX,"MELROSE, BRONX",40.824545,-73.9104143,,,
033,,2019,,,MELROSE,BRONX,"MELROSE, BRONX",40.824545,-73.9104143,,,
034,,2019,,,MELROSE,BRONX,"MELROSE, BRONX",40.824545,-73.9104143,,,
035,,2019,,,MELROSE,BRONX,"MELROSE, BRONX",40.824545,-73.9104143,,,
036,,2019,,,MELROSE,BRONX,"MELROSE, BRONX",40.824545,-73.9104143,,,
037,,2019,,,MELROSE,BRONX,"MELROSE, BRONX",40.824545,-73.9104143,,,
038,,2019,,,MELROSE,BRONX,"MELROSE, BRONX",40.824545,-73.9104143,,,
039,,2019,,,MELROSE,BRONX,"MELROSE, BRONX",40.824545,-73.9104143,,,
040,,,,,,,,,,,,